,state,year,total_votes,dem_votes,rep_votes,other_votes,green_votes,unemployment_rate,median_income,med_age,bach_per,total_pop,dem_votes_per,rep_votes_per,other_votes_per,green_votes_per,voter_participation
0,ALABAMA,2000,1672551,695602.0,944409.0,14191.0,18349.0,4.7,60570.0,43.0,0.23956601410310496,4452173,0.4158928487083503,0.5646518402129442,0.008484644115485865,0.010970666963219657,0.3756707118074702
1,ALASKA,2000,285530,79004.0,167398.0,10381.0,28747.0,6.3,,41.0,0.2842218372196503,627963,0.27669246664098346,0.586271144888453,0.03635695023290022,0.10067943823766329,0.4546923942971162
2,ARIZONA,2000,1534113,685341.0,781652.0,21475.0,45645.0,4.0,68020.0,44.0,0.2683697535478562,5160586,0.4467343670251148,0.5095139667025832,0.013998316942754543,0.029753349329547433,0.2972749606343156
3,ARKANSAS,2000,921781,422768.0,472940.0,12652.0,13421.0,4.2,50780.0,44.0,0.1924449325237744,2678588,0.4586425626043496,0.5130719769663293,0.01372560293605531,0.014559857493265754,0.34412944431917114
4,CALIFORNIA,2000,10965856,5861203.0,4567429.0,118517.0,418707.0,4.9,80050.0,42.0,0.32881627514481515,33987977,0.5344957110507379,0.4165136766340904,0.010807820201177182,0.038182792113994564,0.32263926740917825
5,COLORADO,2000,1741365,738227.0,883745.0,27959.0,91434.0,2.7,82480.0,41.0,0.360221325065402,4326921,0.423935820462683,0.507501299268103,0.01605579531000106,0.05250708495921303,0.40244899317551674
6,CONNECTICUT,2000,1459525,816015.0,561094.0,17964.0,64452.0,2.1,85780.0,45.0,0.30714087172345633,3411777,0.5590962813244035,0.384436032270773,0.012308113941179493,0.04415957246364399,0.42779026882472093
7,DELAWARE,2000,327529,180068.0,137288.0,1866.0,8307.0,3.4,86110.0,44.0,0.25475473747320115,786373,0.5497772716309091,0.4191628832866708,0.0056972054382970665,0.025362639644123115,0.4165059075019107
8,DISTRICT OF COLUMBIA,2000,201894,171923.0,18073.0,1322.0,10576.0,5.7,70480.0,41.0,0.33785944003026863,572046,0.8515508137933767,0.08951727143946824,0.006547990529683893,0.052383924237471145,0.35293315572523887
9,FLORIDA,2000,5960660,2911417.0,2911215.0,40602.0,97426.0,3.7,66440.0,45.0,0.25406422492812275,16047515,0.4884386963859707,0.48840480752131477,0.0068116617958414,0.016344834296873164,0.3714381946363658
10,GEORGIA,2000,2596804,1116230.0,1419720.0,47422.0,13432.0,3.5,71640.0,41.0,0.2686066064152533,8227303,0.42984761268081845,0.5467181966756058,0.018261678586447033,0.005172512057128686,0.3156324739711179
11,HAWAII,2000,367871,205242.0,137819.0,3196.0,21614.0,4.2,88130.0,44.0,0.30260085164260714,1213519,0.557918400743739,0.37463947960018595,0.0086878280701659,0.05875429158590919,0.30314399692135024
12,IDAHO,2000,501621,138637.0,336937.0,13755.0,12292.0,4.6,64310.0,43.0,0.259135176423161,1299430,0.2763779825804741,0.6716963603995846,0.027421100791234818,0.024504556228706533,0.3860315676873706
13,ILLINOIS,2000,4742123,2589026.0,2019421.0,29917.0,103759.0,4.5,78760.0,42.0,0.28598193979193237,12434161,0.5459634851310268,0.42584745271263524,0.006308777735204253,0.021880284421133742,0.3813786068879115
14,INDIANA,2000,2199305,901980.0,1245836.0,32983.0,18506.0,3.0,69870.0,43.0,0.19250291091616986,6091866,0.4101204698757107,0.5664680433136832,0.014997010419200612,0.008414476391405466,0.3610232070107911
15,IOWA,2000,1315563,638517.0,634373.0,13299.0,29374.0,2.7,,45.0,0.22296381994453948,2929067,0.4853564595538184,0.48220647737888644,0.010108979957630307,0.022328083109664835,0.4491406307878925
16,KANSAS,2000,1072216,399276.0,622332.0,14522.0,36086.0,3.7,70200.0,43.0,0.275183229385115,2693681,0.3723839226424526,0.580416632469577,0.013543912793690823,0.03365553209427951,0.3980486182291073
17,KENTUCKY,2000,1544187,638898.0,872492.0,9605.0,23192.0,4.2,62010.0,43.0,0.17291285923797595,4049021,0.4137439312725726,0.5650170607575378,0.006220101580961373,0.015018906388928284,0.3813729294068863
18,LOUISIANA,2000,1765656,792344.0,927871.0,24968.0,20473.0,5.1,52520.0,42.0,0.2323770623872132,4471885,0.44875332454339917,0.5255106317425365,0.01414091986207959,0.011595123851984758,0.3948348403413773
19,MAINE,2000,651817,319951.0,286616.0,8123.0,37127.0,3.3,63720.0,46.0,0.2369208723299449,1277072,0.4908601647394898,0.43971850994987854,0.012462086751342786,0.05695923855928888,0.5103995702669857
20,MARYLAND,2000,2025480,1145782.0,813797.0,12133.0,53768.0,3.6,93240.0,43.0,0.2813309172363713,5311034,0.5656841835021822,0.4017798250291289,0.0059901850425578135,0.02654580642613109,0.38137206427223025
21,MASSACHUSETTS,2000,2702984,1616487.0,878502.0,34431.0,173564.0,2.8,79940.0,43.0,0.299156720938073,6361104,0.5980379462105584,0.3250119127601199,0.012738144213950212,0.06421199681537146,0.4249237239321979
22,MICHIGAN,2000,4232711,2170418.0,1953139.0,24989.0,84165.0,3.6,77820.0,43.0,0.24569261860178113,9952450,0.5127725469563124,0.46143925252633594,0.005903781288162598,0.019884419229189047,0.42529336997422745
23,MINNESOTA,2000,2438685,1168266.0,1109659.0,34064.0,126696.0,3.1,92760.0,43.0,0.31218652464345226,4933692,0.479055720603522,0.4550235065209324,0.013968183672758065,0.051952589202787565,0.4942921041686429
24,MISSISSIPPI,2000,994926,404964.0,573230.0,8606.0,8126.0,5.3,58640.0,43.0,0.24033102086533822,2848353,0.4070292664982119,0.5761534023635929,0.008649889539523543,0.00816744159867166,0.3492986999855706
25,MISSOURI,2000,2359892,1111138.0,1189924.0,20315.0,38515.0,3.4,77110.0,44.0,0.24902302955167163,5607285,0.47084273348102373,0.5042281595937441,0.008608444793236301,0.016320662131995872,0.4208617896183269
26,MONTANA,2000,410986,137126.0,240178.0,9245.0,24437.0,4.8,56040.0,46.0,0.309052963630421,903773,0.3336512679264014,0.584394602249225,0.0224946835172001,0.05945944630717348,0.45474472018969364
27,NEBRASKA,2000,697019,231780.0,433862.0,6837.0,24540.0,2.8,,44.0,0.28288545937188625,1713820,0.33253039013283714,0.6224536203460738,0.009808914821547188,0.03520707469954191,0.4067049048324795
28,NEVADA,2000,608970,279978.0,301575.0,12409.0,15008.0,4.2,78240.0,42.0,0.2087594984466466,2018741,0.45975663825804225,0.4952214394797773,0.020377030067162585,0.024644892195017816,0.3016583107986611
29,NEW HAMPSHIRE,2000,569081,266348.0,273559.0,6976.0,22198.0,2.7,87070.0,44.0,0.2827635087245604,1239882,0.46803179160787306,0.4807030985044308,0.012258360409150895,0.03900674947854523,0.45897996744851527
30,NEW JERSEY,2000,3187226,1788850.0,1284173.0,19649.0,94554.0,3.7,86180.0,43.0,0.31003649781047427,8430621,0.5612560891508792,0.40291243859079967,0.006164922098401557,0.02966655015991963,0.3780535265432997
31,NEW MEXICO,2000,598605,286783.0,286417.0,4154.0,21251.0,5.0,60000.0,43.0,0.24898552943878724,1821204,0.47908554054844177,0.47847411899332615,0.006939467595492854,0.0355008728627392,0.3286864074535307
32,NEW YORK,2000,6821999,4107697.0,2403374.0,66898.0,244030.0,4.5,69660.0,43.0,0.26147053865379527,19001780,0.602125124908403,0.35229761833738177,0.009806216623602555,0.03577104013061274,0.3590189445409851
33,NORTH CAROLINA,2000,2911262,1257692.0,1631163.0,22407.0,0.0,3.8,65510.0,42.0,0.27948291001872194,8081614,0.4320092111256218,0.5602941267395377,0.007696662134840492,0.0,0.3602327455877007
34,NORTH DAKOTA,2000,288267,95284.0,174852.0,8634.0,9497.0,2.9,61550.0,42.0,0.28967498818481047,642023,0.33054078337097204,0.6065626658618573,0.029951399223636422,0.03294515154353429,0.44899793309585484
35,OHIO,2000,4705457,2186190.0,2351209.0,50201.0,117857.0,4.1,73460.0,44.0,0.2283602941899345,11363543,0.46460736969862865,0.4996770770618029,0.010668676815025618,0.025046876424542824,0.4140836181110064
36,OKLAHOMA,2000,1234229,474276.0,744337.0,15616.0,0.0,3.0,55450.0,44.0,0.254220967723045,3454365,0.38426904569573395,0.603078521084823,0.012652433219443069,0.0,0.35729547977703574
37,OREGON,2000,1533968,720342.0,713577.0,22692.0,77357.0,5.2,72660.0,45.0,0.28736860321305924,3429708,0.4695938898334255,0.46518375872247664,0.01479300741606083,0.05042934402803709,0.4472590669526385
38,PENNSYLVANIA,2000,4912185,2485967.0,2281127.0,41699.0,103392.0,4.2,72110.0,45.0,0.2143152869105775,12284173,0.5060817131276611,0.4643813292862545,0.008488890381775116,0.021048067204309285,0.3998791778656976
39,RHODE ISLAND,2000,409112,249508.0,130555.0,3997.0,25052.0,4.0,,43.0,0.2687079639870298,1050268,0.6098770018967911,0.31911799213907194,0.009769940749721347,0.061235065214415615,0.3895310530264656
40,SOUTH CAROLINA,2000,1383777,566039.0,786426.0,11033.0,20279.0,3.7,64240.0,42.0,0.273283871731793,4024223,0.40905362641523885,0.5683184501549021,0.007973105493153882,0.01465481793670512,0.3438619082491204
41,SOUTH DAKOTA,2000,316269,118804.0,190700.0,6765.0,0.0,2.5,62370.0,43.0,0.2598057174971633,755844,0.37564225390411327,0.6029677268401266,0.021390019255760128,0.0,0.41843158111991363
42,TENNESSEE,2000,2076181,981720.0,1061949.0,12731.0,19781.0,3.8,58300.0,43.0,0.24843122318808958,5703719,0.4728489471775341,0.5114915318076796,0.0061319316572110046,0.00952758935757528,0.36400478354561294
43,TEXAS,2000,6407637,2433746.0,3799639.0,36258.0,137994.0,4.4,66010.0,42.0,0.30501968543133534,20944499,0.37981958091571044,0.5929859946810345,0.005658560246156266,0.021535864157098787,0.30593412618750154
44,UTAH,2000,770754,203053.0,515096.0,16755.0,35850.0,3.3,81300.0,40.0,0.30629862349292253,2244502,0.26344722181136915,0.6683014295092857,0.021738453514350883,0.04651289516499428,0.34339644161600213
45,VERMONT,2000,294308,149022.0,119775.0,5137.0,20374.0,2.8,67700.0,46.0,0.23857737669436344,609618,0.5063470921619528,0.4069716079753184,0.017454503445370157,0.06922679641735868,0.4827744587594198
46,VIRGINIA,2000,2737915,1216422.0,1436877.0,25243.0,59373.0,2.3,80640.0,42.0,0.32562912221153417,7105817,0.44428771528699756,0.5248070155574589,0.009219789511361747,0.021685479644181795,0.38530615128422246
47,WASHINGTON,2000,2488441,1247652.0,1108864.0,28923.0,103002.0,5.1,72710.0,44.0,0.31021493871422656,5910512,0.5013789758326599,0.44560590345521556,0.011622939824572895,0.041392180887551686,0.4210195326563925
48,WEST VIRGINIA,2000,648124,295497.0,336475.0,5472.0,10680.0,5.6,50290.0,44.0,0.13566211104716255,1807021,0.4559266436669526,0.5191521992705099,0.008442828841394547,0.01647832822114287,0.3586698771071283
49,WISCONSIN,2000,2598607,1242987.0,1237279.0,24271.0,94070.0,3.4,77090.0,44.0,0.2505015557850119,5373999,0.47832819660687437,0.4761316351414431,0.009340004086804968,0.03620016416487757,0.4835518205343916
50,WYOMING,2000,218351,60481.0,147947.0,5298.0,4625.0,3.8,67760.0,43.0,0.300805260130601,494300,0.27698980082527674,0.6775650214562791,0.0242636855338423,0.021181492184601858,0.4417378110459235
51,ALABAMA,2004,1883415,693933.0,1176394.0,13088.0,,5.6,57810.0,44.0,0.23895307622843304,4530729,0.36844402322377173,0.6246068975770077,0.006949079199220565,,0.4156980035663135
52,ALASKA,2004,488693,180365.0,292267.0,16061.0,,7.4,,43.0,0.28902208892857745,659286,0.3690762912503351,0.5980584948014398,0.03286521394822516,,0.7412458326128569
53,ARIZONA,2004,2012585,893524.0,1104294.0,14767.0,,5.0,69200.0,44.0,0.27014516389854104,5652404,0.44396832928795554,0.5486943408601376,0.007337329851906876,,0.3560582364600973
54,ARKANSAS,2004,1053694,468631.0,572770.0,12293.0,,5.6,55210.0,44.0,0.20813301162115397,2749686,0.4447505632565052,0.5435828618175675,0.011666574925927261,,0.3832052096130249
55,CALIFORNIA,2004,12383678,6737355.0,5501496.0,144827.0,,6.2,77690.0,43.0,0.33767590029655015,35574576,0.5440512099878566,0.44425379923476693,0.01169499077737648,,0.3481047251272932
56,COLORADO,2004,2129630,1001732.0,1101255.0,26643.0,,5.6,80310.0,43.0,0.343619327524823,4575013,0.47037842254288303,0.5171109535459211,0.012510623911195841,,0.4654915734665672
57,CONNECTICUT,2004,1578769,857488.0,693826.0,27455.0,,5.0,86960.0,45.0,0.2910341554472263,3496094,0.543137089719902,0.4394727791082799,0.017390131171818042,,0.45158082133947197
58,DELAWARE,2004,375170,200141.0,171651.0,3378.0,,4.0,75830.0,45.0,0.2666617325981571,830803,0.5334674947357199,0.4575285870405416,0.009003918223738572,,0.4515751628244
59,DISTRICT OF COLUMBIA,2004,227586,202970.0,21256.0,3360.0,,7.5,68580.0,40.0,0.3448997600037513,567754,0.8918386895503239,0.09339766066454,0.014763649785136168,,0.4008531864152432
60,FLORIDA,2004,7609810,3583544.0,3964522.0,61744.0,,4.6,63980.0,46.0,0.26484764408386685,17415318,0.4709111002771423,0.5209751623233695,0.008113737399488292,,0.43696072618369647
61,GEORGIA,2004,3298790,1366149.0,1914254.0,18387.0,,4.8,64680.0,42.0,0.28679171081405047,8769252,0.4141363954662164,0.5802897426025907,0.005573861931192953,,0.3761768962734792
62,HAWAII,2004,428555,231335.0,194116.0,3104.0,,3.3,88770.0,45.0,0.2978637953378714,1273569,0.5398023590904318,0.4529546965967029,0.007242944312865327,,0.33649923953865085
63,IDAHO,2004,598376,181098.0,409235.0,8043.0,,4.9,70010.0,44.0,0.2709837449650095,1391802,0.3026491704212736,0.6839094482399026,0.013441381338823749,,0.42992896978162126
64,ILLINOIS,2004,5275415,2891989.0,2346608.0,36818.0,,6.2,72720.0,44.0,0.28837434524820066,12589773,0.5482012315618772,0.4448196018701846,0.006979166567938257,,0.419023837840444
65,INDIANA,2004,2468002,969011.0,1479438.0,19553.0,,5.4,66810.0,45.0,0.21431219693842032,6233007,0.39262974665336575,0.5994476503665718,0.007922602980062416,,0.3959568792398276
66,IOWA,2004,1506908,741898.0,751957.0,13053.0,,4.5,,45.0,0.25186996774937376,2953635,0.4923313168421695,0.4990065750530225,0.00866210810480799,,0.5101876162762156
67,KANSAS,2004,1187756,434993.0,736456.0,16307.0,,5.5,64810.0,45.0,0.2945341770953565,2734373,0.3662309430556444,0.620039806155473,0.013729250788882565,,0.4343796548605476
68,KENTUCKY,2004,1795860,712733.0,1069439.0,13688.0,,5.5,56200.0,44.0,0.19252408665493276,4146101,0.3968755916385464,0.5955024333745392,0.007621974986914347,,0.4331442962918655
69,LOUISIANA,2004,1943106,820299.0,1102169.0,20638.0,,5.7,57500.0,44.0,0.2460370990759327,4552238,0.4221586470321228,0.5672202134108999,0.010621139556977334,,0.4268463116383634
70,MAINE,2004,686510,364153.0,308997.0,13360.0,,4.7,65230.0,46.0,0.2582383658773563,1313688,0.5304409258423038,0.4500983234038834,0.019460750753812765,,0.5225822265256286
71,MARYLAND,2004,2386678,1334493.0,1024703.0,27482.0,,4.3,90120.0,44.0,0.29639253726366044,5546935,0.5591424565861,0.4293427936236057,0.011514749790294291,,0.4302696894771617
72,MASSACHUSETTS,2004,2912388,1803800.0,1071109.0,37479.0,,5.1,82100.0,44.0,0.3117554085122672,6412281,0.619354289332328,0.36777688961772953,0.012868821049942521,,0.45418907873812764
73,MICHIGAN,2004,4839252,2479183.0,2313746.0,46323.0,,7.0,66690.0,45.0,0.24452725283026275,10055315,0.5123070672905647,0.4781205855781017,0.00957234713133352,,0.4812630931999644
74,MINNESOTA,2004,2827850,1444751.0,1346451.0,36648.0,,4.6,88550.0,44.0,0.32113223883142356,5087713,0.5109008610782043,0.4761394699153067,0.012959669006489028,,0.5558194811696335
75,MISSISSIPPI,2004,1114859,440034.0,666295.0,8530.0,,6.2,54850.0,44.0,0.22476945037948606,2889010,0.39469923999357764,0.5976495682413651,0.007651191765057286,,0.38589655279836343
76,MISSOURI,2004,2731364,1259171.0,1455713.0,16480.0,,5.9,66500.0,45.0,0.24571852299050456,5747741,0.46100446516831883,0.5329619193926551,0.006033615439026069,,0.4752065202659619
77,MONTANA,2004,450434,173710.0,266063.0,10661.0,,4.5,53590.0,47.0,0.3056161051249442,930009,0.3856502839483698,0.5906814316858852,0.023668284365745036,,0.4843329473155636
78,NEBRASKA,2004,778186,254328.0,512814.0,11044.0,,3.9,,45.0,0.2793094062844652,1749370,0.3268216082016382,0.6589864119889075,0.014191979809454296,,0.4448378559138433
79,NEVADA,2004,829587,397190.0,418690.0,13707.0,,4.4,74500.0,44.0,0.21004840743323794,2346222,0.4787804051895702,0.504696915453111,0.016522679357318763,,0.35358418768556427
80,NEW HAMPSHIRE,2004,677662,340511.0,331237.0,5914.0,,3.8,89670.0,45.0,0.3000092697178916,1290121,0.5024791120056902,0.4887938234695173,0.008727064524792596,,0.5252701103229852
81,NEW JERSEY,2004,3609691,1911430.0,1668003.0,30258.0,,4.9,87240.0,45.0,0.31232436613624875,8634561,0.5295273196514605,0.46209024539773624,0.008382434950803269,,0.4180514793977366
82,NEW MEXICO,2004,756304,370942.0,376930.0,8432.0,,5.6,62440.0,45.0,0.24537453254259056,1903808,0.490466796420487,0.498384247604138,0.01114895597537498,,0.39725854708037783
83,NEW YORK,2004,7391036,4180755.0,2806993.0,403288.0,,5.8,70470.0,44.0,0.2669059295010706,19171567,0.5656520953219548,0.37978342954898336,0.05456447512906174,,0.3855207036545317
84,NORTH CAROLINA,2004,3501007,1525849.0,1961166.0,13992.0,,5.5,63510.0,44.0,0.2805806365370827,8553152,0.435831462205017,0.5601719733779452,0.003996564417037727,,0.40932360374280735
85,NORTH DAKOTA,2004,312833,111052.0,196651.0,5130.0,,3.4,61900.0,45.0,0.28470968727118956,644705,0.3549881246543683,0.6286133496146507,0.016398525730981068,,0.4852343319812938
86,OHIO,2004,5625631,2739952.0,2858727.0,26952.0,,6.2,67950.0,45.0,0.22834179709421706,11452251,0.48704794182199296,0.5081611289471349,0.004790929230872057,,0.4912249129014025
87,OKLAHOMA,2004,1463758,503966.0,959792.0,0.0,,4.7,62520.0,45.0,0.2599685912693544,3525233,0.3442959833524394,0.6557040166475606,0.0,,0.4152230505047468
88,OREGON,2004,1836782,943163.0,866831.0,26788.0,,7.4,64700.0,45.0,0.2988232979537677,3569463,0.5134866304221187,0.47192916742433233,0.014584202153548978,,0.5145821654405719
89,PENNSYLVANIA,2004,5765764,2938095.0,2793847.0,33822.0,,5.4,69610.0,46.0,0.2276436746596594,12410722,0.5095760076201523,0.48455798745838363,0.005866004921464007,,0.46457925654929666
90,RHODE ISLAND,2004,436289,259760.0,169046.0,7483.0,,5.3,,45.0,0.26797174281107833,1074579,0.5953851690049485,0.3874633557114665,0.017151475283584964,,0.40600923710588055
91,SOUTH CAROLINA,2004,1617730,661699.0,937974.0,18057.0,,6.9,61070.0,44.0,0.2737524196807033,4210921,0.4090293188603784,0.5798087443516532,0.011161936787968327,,0.38417486340874124
92,SOUTH DAKOTA,2004,388215,149244.0,232584.0,6387.0,,3.6,64880.0,45.0,0.2695364130876025,770396,0.38443645917854796,0.5991113171824891,0.016452223638962947,,0.5039161677890331
93,TENNESSEE,2004,2430494,1032910.0,1381225.0,16359.0,,5.3,60090.0,44.0,0.24404852905606078,5910809,0.42497944862237885,0.5682898209170646,0.006730730460556578,,0.4111948127574415
94,TEXAS,2004,7410749,2832704.0,4526917.0,51128.0,,6.0,65340.0,42.0,0.31243511506031935,22394023,0.3822426046274135,0.6108582276906154,0.006899167681971147,,0.33092530984718554
95,UTAH,2004,927844,241199.0,663742.0,22903.0,,5.0,80290.0,40.0,0.32020519381157536,2401580,0.25995641508701894,0.7153594785330293,0.024684106379951803,,0.38634732134678
96,VERMONT,2004,312309,184067.0,121180.0,7062.0,,3.6,74700.0,46.0,0.2777877269394389,619920,0.5893746257712714,0.38801315363950445,0.022612220589224134,,0.5037891986062718
97,VIRGINIA,2004,3198367,1454742.0,1716959.0,26666.0,,3.7,80710.0,44.0,0.3064638096598418,7475575,0.4548389850195428,0.5368236353113949,0.008337379669062369,,0.4278422730024112
98,WASHINGTON,2004,2859084,1510201.0,1304894.0,43989.0,,6.3,78790.0,44.0,0.32651657213304075,6178645,0.5282114831183694,0.45640281992414355,0.015385696957487083,,0.462736409034667
99,WEST VIRGINIA,2004,755659,326541.0,423550.0,5568.0,,5.4,52670.0,46.0,0.16781188536199063,1816438,0.4321274543147107,0.5605041427416335,0.007368402943655802,,0.4160114465784134
100,WISCONSIN,2004,2997007,1489504.0,1478120.0,29383.0,,5.0,72180.0,45.0,0.25408069849305165,5514026,0.49699717084411216,0.49319871458425024,0.009804114571637637,,0.5435242779051096
101,WYOMING,2004,243428,70776.0,167629.0,5023.0,,3.8,71650.0,46.0,0.27031255297610685,509106,0.2907471613783131,0.6886184005126773,0.020634438109009647,,0.47814796918519914
102,ALABAMA,2008,2099819,813479.0,1266546.0,19794.0,,5.9,62350.0,46.0,0.23390689220808591,4718206,0.38740434294574916,0.603169130291706,0.009426526762544771,,0.4450460619989886
103,ALASKA,2008,326197,123594.0,193841.0,8762.0,,6.5,,44.0,0.27007734407150574,687455,0.37889373599389325,0.5942451953880631,0.026861068618043698,,0.4744994217803347
104,ARIZONA,2008,2293475,1034707.0,1230111.0,28657.0,,5.8,65770.0,45.0,0.28065459589350517,6280362,0.4511525087476428,0.5363524782262724,0.012495013026084871,,0.36518197517913775
105,ARKANSAS,2008,1086617,422310.0,638017.0,26290.0,,5.4,55500.0,46.0,0.21349388344447456,2874554,0.3886465976512423,0.5871590449992959,0.024194357349461678,,0.3780123803553525
106,CALIFORNIA,2008,13561900,8274473.0,5011781.0,275646.0,,7.3,79930.0,43.0,0.3295019811629596,36604337,0.6101263834713425,0.36954858832464477,0.02032502820401271,,0.3704998126314923
107,COLORADO,2008,2401361,1288576.0,1073589.0,39196.0,,4.8,85440.0,44.0,0.35075681032137723,4889730,0.5366023684069159,0.4470752210933716,0.016322410499712454,,0.49110298523640367
108,CONNECTICUT,2008,1647085,1000291.0,628041.0,18753.0,,5.6,90680.0,46.0,0.2907895275894561,3545579,0.6073098838250607,0.3813045471241618,0.011385569050777585,,0.46454612913715926
109,DELAWARE,2008,412412,255459.0,152374.0,4579.0,,4.8,71080.0,46.0,0.24734794623453973,883874,0.6194266898150393,0.36947033548975294,0.011102974695207705,,0.4665959175176552
110,DISTRICT OF COLUMBIA,2008,265853,245800.0,17367.0,2686.0,,6.5,77930.0,40.0,0.3234211711361978,580236,0.9245710975614343,0.06532557465968035,0.010103327778885323,,0.4581808091879856
111,FLORIDA,2008,8391639,4282366.0,4046212.0,63061.0,,6.3,62890.0,47.0,0.26561290761963136,18527305,0.5103134202984662,0.48217183794488777,0.00751474175664611,,0.4529336025935774
112,GEORGIA,2008,3925278,1844137.0,2048744.0,32397.0,,6.4,64810.0,43.0,0.2834580158363839,9504843,0.4698105459027361,0.5219360259324308,0.008253428164833166,,0.4129766267575382
113,HAWAII,2008,452742,325201.0,120429.0,7112.0,,4.1,86250.0,45.0,0.2895195605150453,1332213,0.7182920957189746,0.2659991783399817,0.015708725941043684,,0.339842052284432
114,IDAHO,2008,655032,236440.0,403012.0,15580.0,,5.0,66480.0,45.0,0.2763115585347152,1534320,0.36095946457577643,0.6152554379022704,0.023785097521953125,,0.42692006882527767
115,ILLINOIS,2008,5523051,3419673.0,2031527.0,71851.0,,6.5,74660.0,44.0,0.2926794889257041,12747038,0.6191637556850371,0.3678269492713357,0.013009295043627155,,0.4332811277412055
116,INDIANA,2008,2751054,1374039.0,1345648.0,31367.0,,5.9,65220.0,46.0,0.22247420291588338,6424806,0.4994591163968428,0.4891390717884854,0.011401811814671758,,0.42819253997708256
117,IOWA,2008,1536820,828940.0,682379.0,25501.0,,4.1,,47.0,0.2506012444034814,3016734,0.539386525422626,0.4440201194674718,0.016593355109902265,,0.5094317231814274
118,KANSAS,2008,1235872,514765.0,699655.0,21452.0,,4.6,67120.0,46.0,0.3007271657934529,2808076,0.41651967194013617,0.5661225434349189,0.01735778462494498,,0.4401134442230196
119,KENTUCKY,2008,1826508,751985.0,1048462.0,26061.0,,6.5,57690.0,45.0,0.20063792540898442,4289878,0.411706381795207,0.5740254080463923,0.01426821015840062,,0.4257715487480064
120,LOUISIANA,2008,1959085,781574.0,1148015.0,29496.0,,4.7,55460.0,45.0,0.23236174114467714,4435586,0.3989484887077386,0.5859955030026772,0.015056008289584168,,0.441674448426882
121,MAINE,2008,731163,421923.0,295273.0,13967.0,,5.4,66210.0,48.0,0.2409321105403978,1330509,0.5770573729797597,0.40384018337908234,0.01910244364115799,,0.5495363052786565
122,MARYLAND,2008,2631596,1629467.0,959862.0,42267.0,,4.3,89320.0,45.0,0.29907987765541133,5684965,0.6191934476264593,0.364745196451127,0.016061355922413624,,0.4629045209601115
123,MASSACHUSETTS,2008,3081336,1904103.0,1108885.0,68348.0,,5.3,84560.0,45.0,0.3107717938469657,6468967,0.6179472151040977,0.35987149729857437,0.022181287597327914,,0.4763258183261717
124,MICHIGAN,2008,5001766,2872579.0,2048639.0,80548.0,,8.2,69800.0,46.0,0.24408508529275613,9946889,0.5743129526651187,0.4095831352366344,0.016103912098246898,,0.5028472721471005
125,MINNESOTA,2008,2910369,1573354.0,1275409.0,61606.0,,5.4,77000.0,45.0,0.31625178733204534,5247018,0.5406029269827984,0.43822931044139074,0.021167762575810833,,0.5546710531581939
126,MISSISSIPPI,2008,1285259,554662.0,724497.0,6100.0,,6.7,51090.0,44.0,0.220512958568731,2947806,0.4315565967637651,0.5636972781361578,0.004746125100077105,,0.43600528664369365
127,MISSOURI,2008,2925205,1441911.0,1445814.0,37480.0,,6.1,64540.0,46.0,0.25037379875374366,5923916,0.49292647865705136,0.49426074411878823,0.012812777224160358,,0.4937958269496056
128,MONTANA,2008,496072,232156.0,243860.0,20056.0,,4.7,60140.0,48.0,0.28488440733914006,976415,0.46798851779580386,0.4915818671483172,0.040429615055878984,,0.5080544645463251
129,NEBRASKA,2008,801281,333319.0,452979.0,14983.0,,3.2,,46.0,0.28536585698187916,1796378,0.415982657769247,0.5653185336979162,0.018698808532836796,,0.4460536702186288
130,NEVADA,2008,967848,533736.0,412827.0,21285.0,,6.9,76750.0,45.0,0.24868173150721254,2653630,0.551466759243187,0.42654115108984053,0.0219920896669725,,0.36472605449893164
131,NEW HAMPSHIRE,2008,710970,384826.0,316534.0,9610.0,,3.8,92770.0,46.0,0.2976772849744893,1315906,0.5412689705613458,0.44521428470962204,0.013516744729032167,,0.5402893519749891
132,NEW JERSEY,2008,3838498,2215422.0,1613207.0,9869.0,,5.4,91550.0,45.0,0.31142338057647717,8711090,0.5771585656681337,0.42027037659000993,0.0025710577418563197,,0.44064497095082245
133,NEW MEXICO,2008,830158,472422.0,346832.0,10904.0,,4.4,59020.0,46.0,0.24523630321500692,2010662,0.5690748026279335,0.4177903483433274,0.013134849028739107,,0.4128779476610191
134,NEW YORK,2008,7591233,4769700.0,2742298.0,79235.0,,5.4,70740.0,45.0,0.27378277661531786,19212436,0.6283169018787857,0.3612453997921023,0.010437698329112016,,0.3951207957179402
135,NORTH CAROLINA,2008,4310789,2142651.0,2128474.0,39664.0,,5.9,60180.0,45.0,0.28004444280044444,9309449,0.49704381262919617,0.49375508752574065,0.009201099845063166,,0.46305522485809847
136,NORTH DAKOTA,2008,316621,141278.0,168601.0,6742.0,,3.0,69580.0,45.0,0.2995177281935286,657569,0.44620540014717913,0.5325010027761898,0.02129359707663105,,0.4815023214293861
137,OHIO,2008,5698048,2933388.0,2674491.0,90169.0,,6.6,65800.0,46.0,0.23043100137119613,11515391,0.5148057720819481,0.4693696858994519,0.015824542018600053,,0.4948201932526651
138,OKLAHOMA,2008,1462661,502496.0,960165.0,0.0,,3.6,64640.0,46.0,0.24722755234494045,3668976,0.343549188773065,0.656450811226935,0.0,,0.398656464364989
139,OREGON,2008,1827864,1037291.0,738475.0,52098.0,,6.3,72520.0,46.0,0.29310379503748324,3768748,0.5674880625692065,0.40400981692292204,0.028502120507871483,,0.4850056305170842
140,PENNSYLVANIA,2008,5977981,3266523.0,2649934.0,61524.0,,5.4,72060.0,47.0,0.23133365080206453,12612285,0.5464257915841486,0.44328243933863287,0.010291769077218545,,0.47398080522284425
141,RHODE ISLAND,2008,471766,296571.0,165391.0,9804.0,,7.6,,45.0,0.28643405803661126,1055003,0.6286400461245617,0.35057846474735355,0.020781489128084685,,0.44717029240675144
142,SOUTH CAROLINA,2008,1920969,862449.0,1034896.0,23624.0,,6.9,59100.0,45.0,0.24494949494949494,4528996,0.4489656001736624,0.5387364397863786,0.012297960039959,,0.42414897253166045
143,SOUTH DAKOTA,2008,377708,170924.0,203054.0,3730.0,,3.1,72340.0,47.0,0.2597700948874756,799124,0.45252946720747245,0.5375951793448908,0.009875353447636799,,0.4726525545472292
144,TENNESSEE,2008,2600124,1087437.0,1479178.0,33509.0,,6.5,55660.0,45.0,0.24130422874671342,6247411,0.4182250538820456,0.5688874838276944,0.012887462290260002,,0.41619224347493705
145,TEXAS,2008,8077795,3528633.0,4479328.0,69834.0,,4.9,65180.0,43.0,0.2995986387652035,24309039,0.4368312144588963,0.5545236045232641,0.008645181017839645,,0.33229594143972535
146,UTAH,2008,952370,327670.0,596030.0,28670.0,,3.3,87670.0,40.0,0.31363483452281593,2663029,0.3440574566607516,0.6258386971450172,0.030103846194231235,,0.3576265973821539
147,VERMONT,2008,325046,219262.0,98974.0,6810.0,,4.5,71090.0,48.0,0.283457287986008,624151,0.6745568319560924,0.30449228724549754,0.020950880798410072,,0.5207810289497253
148,VIRGINIA,2008,3723260,1959532.0,1725005.0,38723.0,,4.1,86900.0,44.0,0.30678948522348143,7833496,0.5262946987317566,0.46330500690255316,0.010400294365690283,,0.475299917176188
149,WASHINGTON,2008,3036878,1750848.0,1229216.0,56814.0,,5.2,79390.0,45.0,0.3144571501858933,6562231,0.5765289221364835,0.40476304942114893,0.018708028442367457,,0.4627813315319135
150,WEST VIRGINIA,2008,713451,303857.0,397466.0,12128.0,,4.5,53260.0,47.0,0.16349978909934051,1840310,0.42589750382296754,0.5571034310695478,0.016999065107484605,,0.38767979307834005
151,WISCONSIN,2008,2983417,1677211.0,1262393.0,43813.0,,4.9,71780.0,46.0,0.2521589015572903,5640996,0.5621778651794235,0.4231366248834809,0.01468550993709562,,0.5288812472123717
152,WYOMING,2008,256035,82868.0,164958.0,8209.0,,3.0,74770.0,46.0,0.24022412861759887,546043,0.323658874763216,0.6442791024664597,0.03206202277032437,,0.46889164406466155
153,ALABAMA,2012,2070353,795696.0,1255925.0,18732.0,,8.2,57430.0,46.0,0.5048135154558623,4816632,0.3843286627932531,0.6066236047669166,0.009047732439830309,,0.4298341662805047
154,ALASKA,2012,300495,122640.0,164676.0,13179.0,,7.1,,46.0,0.5127349828923207,730810,0.40812659112464433,0.5480157739729447,0.04385763490241102,,0.41118074465319304
155,ARIZONA,2012,2299254,1025232.0,1233654.0,40368.0,,8.4,62160.0,47.0,0.5106465864391349,6556344,0.44589766941799386,0.536545331659747,0.017556998922259134,,0.35069148293622177
156,ARKANSAS,2012,1069468,394409.0,647744.0,27315.0,,7.2,51550.0,45.0,0.5300040383984385,2952876,0.36878990301720105,0.6056693608410911,0.02554073614170784,,0.36217843214547446
157,CALIFORNIA,2012,13038547,7854285.0,4839958.0,344304.0,,10.4,75340.0,45.0,0.5399313606304502,37944551,0.6023895914168964,0.371203785207048,0.026406623376055628,,0.34362106432620587
158,COLORADO,2012,2569217,1322998.0,1185050.0,61169.0,,8.0,75650.0,45.0,0.5522175686716478,5193660,0.5149421010370085,0.461249477953789,0.023808421009202413,,0.49468332543909305
159,CONNECTICUT,2012,1558803,905083.0,634892.0,18828.0,,8.4,84880.0,47.0,0.501898886209738,3595211,0.5806269297659807,0.40729457153982895,0.01207849869419035,,0.4335776119955129
160,DELAWARE,2012,413937,242584.0,165484.0,5869.0,,7.0,64700.0,47.0,0.5092029374535174,915518,0.5860408709537925,0.39978064294808147,0.014178486098126043,,0.4521342016213772
161,DISTRICT OF COLUMBIA,2012,293764,267070.0,21381.0,5313.0,,8.9,86200.0,36.0,0.49070929694366294,635737,0.9091311392818725,0.07278291417600523,0.01808594654212225,,0.46208416373437444
162,FLORIDA,2012,8474179,4237756.0,4163447.0,72976.0,,8.7,60870.0,48.0,0.511816233981152,19302016,0.5000786506869869,0.49130977761975525,0.008611571693257837,,0.43903077274415275
163,GEORGIA,2012,3900050,1773827.0,2078688.0,47535.0,,9.0,63580.0,44.0,0.5431212362941685,9903580,0.45482160485121986,0.5329900898706427,0.01218830527813746,,0.3938020392625697
164,HAWAII,2012,434221,306266.0,120937.0,7018.0,,5.8,74340.0,47.0,0.5312488237354975,1395199,0.705322865545425,0.27851485764161565,0.0161622768129593,,0.3112251370593012
165,IDAHO,2012,652274,212787.0,420911.0,18576.0,,7.5,63320.0,47.0,0.5289556079505121,1595910,0.3262233355920978,0.6452978349589283,0.028478829448973897,,0.4087160303525888
166,ILLINOIS,2012,5241891,3019512.0,2135102.0,87277.0,,9.0,68360.0,44.0,0.5323362250456694,12883029,0.5760348698589879,0.4073152226934898,0.016649907447522278,,0.4068834278025765
167,INDIANA,2012,2624534,1152887.0,1420543.0,51104.0,,8.2,60980.0,44.0,0.5033055795987443,6538989,0.43927302904058396,0.5412553238022445,0.01947164715717152,,0.40136693913998023
168,IOWA,2012,1582180,822544.0,730617.0,29019.0,,5.0,,44.0,0.5072202844188083,3076844,0.5198801653414908,0.46177868510536096,0.018341149553148188,,0.5142217154980883
169,KANSAS,2012,1156254,439908.0,689809.0,26537.0,,5.7,66060.0,45.0,0.5483067676118503,2886024,0.38045965678821436,0.5965895036903656,0.022950839521420033,,0.40063907992449127
170,KENTUCKY,2012,1797212,679370.0,1087190.0,30652.0,,8.2,54280.0,44.0,0.47807216660919716,4387865,0.37801327834445797,0.6049314159932162,0.017055305662325868,,0.40958689476544974
171,LOUISIANA,2012,1994065,809141.0,1152262.0,32662.0,,6.7,51640.0,45.0,0.5728455160458562,4602067,0.4057746362330215,0.5778457572847425,0.016379606482236034,,0.4332976899293296
172,MAINE,2012,713180,401306.0,292276.0,19598.0,,7.2,64950.0,49.0,0.5069647325665964,1328094,0.5626994587621639,0.40982080260242854,0.027479738635407612,,0.5369951223332083
173,MARYLAND,2012,2707327,1677844.0,971869.0,57614.0,,6.9,94910.0,46.0,0.5051629814845026,5888375,0.6197419077931849,0.3589773233894539,0.021280768817361184,,0.45977489545078226
174,MASSACHUSETTS,2012,3167767,1921290.0,1188314.0,58163.0,,6.7,84100.0,45.0,0.5062356619135442,6664269,0.6065124107928392,0.37512670597300873,0.018360883234152008,,0.47533600459405223
175,MICHIGAN,2012,4730961,2564569.0,2115256.0,51136.0,,9.1,66080.0,46.0,0.48924205275238547,9898289,0.5420820421051875,0.4471091602742022,0.010808797620610273,,0.47795745305072423
176,MINNESOTA,2012,2936561,1546167.0,1320225.0,70169.0,,5.7,81640.0,44.0,0.5403689889860045,5377500,0.5265230315324626,0.4495820110666865,0.02389495740085086,,0.5460829381682938
177,MISSISSIPPI,2012,1285584,562949.0,710746.0,11889.0,,8.8,48410.0,45.0,0.47886638907671686,2984599,0.4378935954398935,0.5528584674358112,0.009247937124295261,,0.43073927184187893
178,MISSOURI,2012,2757312,1223796.0,1482440.0,51076.0,,7.1,65750.0,45.0,0.5213089963697054,6026027,0.4438366060859272,0.5376395562054639,0.018523837708608965,,0.45756714996464504
179,MONTANA,2012,483932,201839.0,267928.0,14165.0,,5.8,59570.0,48.0,0.5649561207794139,1004168,0.41708132547548005,0.5536480331947463,0.029270641329773604,,0.4819233435042742
180,NEBRASKA,2012,794379,302081.0,475064.0,17234.0,,3.9,,44.0,0.5386198969256716,1853691,0.38027314417928976,0.5980319217904804,0.021694934030229904,,0.4285390607172393
181,NEVADA,2012,1014918,531373.0,463567.0,19978.0,,11.5,62540.0,47.0,0.5272784226718967,2744670,0.5235624947040056,0.4567531564126363,0.019684348883358065,,0.3697777874935785
182,NEW HAMPSHIRE,2012,710931,369561.0,329918.0,11452.0,,5.5,89600.0,47.0,0.5157926524547493,1324677,0.5198268186364078,0.464064726393982,0.016108454969610272,,0.5366825271368039
183,NEW JERSEY,2012,3640292,2125101.0,1477568.0,37623.0,,9.4,88110.0,45.0,0.5624781263051929,8845671,0.5837721259723121,0.40589271410095673,0.010335159926731152,,0.41153373214988437
184,NEW MEXICO,2012,783758,415335.0,335788.0,32635.0,,6.9,57370.0,49.0,0.45798854992813864,2087715,0.5299276052046678,0.4284332663909013,0.04163912840443096,,0.375414268710049
185,NEW YORK,2012,7061925,4324228.0,2223397.0,514300.0,,8.6,63000.0,44.0,0.48751033859611775,19574362,0.6123299242062186,0.31484290756415567,0.07282716822962577,,0.3607742106741461
186,NORTH CAROLINA,2012,4505372,2178391.0,2270395.0,56586.0,,9.6,54900.0,45.0,0.5273231682704936,9751810,0.48350968577067555,0.5039306410214295,0.01255967320789493,,0.4620036690624612
187,NORTH DAKOTA,2012,322932,124966.0,188320.0,9646.0,,2.9,73680.0,43.0,0.5260002110026141,702227,0.38697310888979725,0.5831568255855722,0.029870065524630573,,0.4598683901359532
188,OHIO,2012,5580822,2827621.0,2661407.0,91794.0,,7.4,58630.0,45.0,0.508980240940286,11550971,0.5066674765831987,0.47688440878422567,0.01644811463257563,,0.4831474340988303
189,OKLAHOMA,2012,1334872,443547.0,891325.0,0.0,,5.1,63960.0,46.0,0.5357112369461913,3819320,0.3322768025698344,0.6677231974301656,0.0,,0.34950514751316986
190,OREGON,2012,1789270,970488.0,754175.0,64607.0,,8.7,68410.0,47.0,0.522367526659191,3900102,0.54239326652769,0.42149871176513326,0.03610802170717667,,0.4587751807516829
191,PENNSYLVANIA,2012,5742040,2990274.0,2680434.0,71332.0,,7.6,68580.0,45.0,0.5071652321331264,12769123,0.520768577021407,0.46680866033674445,0.012422762641848542,,0.4496816265298721
192,RHODE ISLAND,2012,446052,279677.0,157204.0,9171.0,,10.3,,46.0,0.5048832713296516,1054893,0.6270053715710276,0.35243424533462464,0.020560383094347743,,0.4228409895600786
193,SOUTH CAROLINA,2012,1964118,865941.0,1071645.0,26532.0,,9.0,58660.0,47.0,0.4998893164078387,4719027,0.4408803340736147,0.5456113125586141,0.013508353367771182,,0.4162124946519696
194,SOUTH DAKOTA,2012,363815,145039.0,210610.0,8166.0,,4.0,65290.0,46.0,0.5307036341058693,833859,0.3986614075835246,0.5788931187554114,0.022445473661064003,,0.4363027802062459
195,TENNESSEE,2012,2458577,960709.0,1462330.0,35538.0,,7.9,56810.0,45.0,0.5391096335281867,6455752,0.39075814993795194,0.5947871471993759,0.014454702862672189,,0.38083510642911933
196,TEXAS,2012,7993851,3308124.0,4569843.0,115884.0,,6.7,68610.0,44.0,0.5630400749428891,26084120,0.41383358283760857,0.5716697746805639,0.014496642481827594,,0.30646427788248176
197,UTAH,2012,1017440,251813.0,740600.0,25027.0,,4.8,77080.0,42.0,0.5326083822748788,2854146,0.2474966582796037,0.727905331026891,0.024598010693505267,,0.3564779096794628
198,VERMONT,2012,299290,199239.0,92698.0,7353.0,,4.8,73440.0,49.0,0.5205892066094997,626361,0.665705503023823,0.3097263523672692,0.024568144608907747,,0.47782349156476855
199,VIRGINIA,2012,3854489,1971820.0,1822522.0,60147.0,,5.8,85390.0,45.0,0.5183849581307562,8187456,0.5115645679621864,0.4728310289638912,0.01560440307392238,,0.47077981243502254
200,WASHINGTON,2012,3125516,1755396.0,1290670.0,79450.0,,8.5,82160.0,46.0,0.5192205673475674,6898599,0.5616339829967276,0.4129462143210913,0.02541980268218112,,0.4530653252928602
201,WEST VIRGINIA,2012,670440,238269.0,417655.0,14516.0,,7.2,57540.0,46.0,0.479368458154651,1857446,0.3553919813853589,0.6229565658373606,0.021651452777280592,,0.36094723615114516
202,WISCONSIN,2012,3071434,1620985.0,1410966.0,39483.0,,6.9,70130.0,45.0,0.5061289618427162,5720825,0.5277616253515459,0.4593834671361976,0.01285490751225649,,0.5368865504538244
203,WYOMING,2012,249061,69286.0,170962.0,8813.0,,5.4,75990.0,47.0,0.48707119250104564,576656,0.27818887742360304,0.6864262168705658,0.0353849057058311,,0.43190567686801146
204,ALABAMA,2016,2123367,729547.0,1318250.0,75570.0,,5.8,60290.0,47.0,0.49283451638164044,4866824,0.343580266623716,0.6208300307954301,0.0355897025808539,,0.4362941828181993
205,ALASKA,2016,318398,116454.0,163387.0,38557.0,,6.6,,47.0,0.5201406163521247,742575,0.36574978486045767,0.513153348953197,0.1210968661863454,,0.42877554455778877
206,ARIZONA,2016,2604277,1161167.0,1252401.0,190709.0,,5.5,72900.0,48.0,0.5039755788189725,6944767,0.44586923741214934,0.4809016091606231,0.07322915342722759,,0.37499847007106213
207,ARKANSAS,2016,1129896,380494.0,684872.0,64530.0,,4.0,58610.0,46.0,0.519395704432595,2991815,0.336751347026629,0.6061372020079724,0.05711145096539859,,0.37766238888433945
208,CALIFORNIA,2016,14181595,8753788.0,4483810.0,943997.0,,5.5,85080.0,46.0,0.5371923740449952,39149186,0.6172639960455788,0.3161710653843943,0.06656493857002685,,0.362244951912921
209,COLORADO,2016,2780220,1338870.0,1202484.0,238866.0,,3.1,90090.0,46.0,0.5434544870933549,5543844,0.48156980382847403,0.4325139737143104,0.08591622245721561,,0.5014967953643718
210,CONNECTICUT,2016,1647536,897572.0,673215.0,76749.0,,4.9,96930.0,48.0,0.5011646333314241,3579830,0.5447965932155655,0.4086192957240388,0.046584111060395644,,0.46022744096786716
211,DELAWARE,2016,442997,235603.0,185127.0,22267.0,,4.5,74110.0,48.0,0.5045902783095524,949989,0.5318388160642171,0.41789673519233766,0.05026444874344522,,0.4663180310508859
212,DISTRICT OF COLUMBIA,2016,311268,282830.0,12723.0,15715.0,,6.2,90620.0,36.0,0.4693677232939577,687576,0.9086382152999987,0.040874744593083774,0.05048704010691751,,0.45270341024119515
213,FLORIDA,2016,9420039,4504975.0,4617886.0,297178.0,,4.9,65340.0,49.0,0.5035269329516594,20627237,0.4782331580580505,0.49021941416590736,0.031547427776042115,,0.4566796318867137
214,GEORGIA,2016,4114711,1877963.0,2089104.0,147644.0,,5.4,68340.0,45.0,0.5276103421556246,10308442,0.45640216287365015,0.507715851732965,0.03588198539338486,,0.3991593492013633
215,HAWAII,2016,428937,266891.0,128847.0,33199.0,,2.9,92090.0,47.0,0.5313392868749106,1428885,0.6222149173421738,0.3003867700851174,0.07739831257270881,,0.30019000829317966
216,IDAHO,2016,690433,189765.0,409055.0,91613.0,,3.7,72220.0,47.0,0.5239121740634954,1684036,0.27484926126068715,0.5924615422495738,0.13268919648973904,,0.40998707866102624
217,ILLINOIS,2016,5558707,3090729.0,2146015.0,321963.0,,5.9,78370.0,44.0,0.5252441559327169,12821709,0.5560158144690842,0.38606370150468444,0.05792048402623128,,0.4335386959725884
218,INDIANA,2016,2734958,1033126.0,1557286.0,144546.0,,4.4,71620.0,45.0,0.4978634166030518,6637898,0.37774839686752043,0.5694003344841128,0.05285126864836681,,0.4120216972300569
219,IOWA,2016,1566031,653669.0,800983.0,111379.0,,3.6,,44.0,0.49586287797061074,3133210,0.4174048917294741,0.5114732722404601,0.07112183603006582,,0.49981680129962563
220,KANSAS,2016,1184403,427005.0,671018.0,86380.0,,4.0,72530.0,46.0,0.5317606405203663,2912977,0.3605234029295772,0.5665453397196731,0.0729312573507497,,0.4065953833483752
221,KENTUCKY,2016,1924149,628854.0,1202971.0,92324.0,,5.1,57920.0,45.0,0.463932666515436,4440306,0.3268218833364776,0.6251963855190009,0.047981731144521554,,0.4333370267724792
222,LOUISIANA,2016,2029032,780154.0,1178638.0,70240.0,,6.0,53870.0,45.0,0.5575172768131414,4681346,0.3844956609851397,0.580886846535688,0.03461749247917233,,0.43342918895548416
223,MAINE,2016,747927,357735.0,335593.0,54599.0,,3.8,64930.0,50.0,0.5074107167788233,1332348,0.47830202680208095,0.4486975333154171,0.0730004398825019,,0.5613600951102865
224,MARYLAND,2016,2781446,1677928.0,943169.0,160349.0,,4.2,94170.0,46.0,0.49564636111206334,6007014,0.6032574423519277,0.3390930472854767,0.05764951036259557,,0.46303304770057135
225,MASSACHUSETTS,2016,3274555,1995196.0,1090893.0,188466.0,,4.0,92260.0,46.0,0.5008274285799719,6827280,0.6093029434533853,0.33314236590926094,0.05755469063735378,,0.4796280509954184
226,MICHIGAN,2016,4799284,2268839.0,2279543.0,250902.0,,5.0,72890.0,47.0,0.48007049193274254,9954117,0.4727453095086684,0.47497564219996147,0.05227904829137013,,0.4821406057413229
227,MINNESOTA,2016,2944813,1367716.0,1322951.0,254146.0,,3.9,89650.0,45.0,0.5258423996436802,5525360,0.4644491857377701,0.4492478809350543,0.08630293332717562,,0.5329631010468097
228,MISSISSIPPI,2016,1209357,485131.0,700714.0,23512.0,,6.0,52470.0,45.0,0.459823129669393,2990595,0.40114788271784096,0.5794103808883564,0.01944173639380266,,0.4043867524689903
229,MISSOURI,2016,2807381,1071068.0,1594511.0,141802.0,,4.6,70240.0,45.0,0.5150107058973338,6091384,0.3815185754979463,0.5679710021546772,0.05051042234737643,,0.46087736383061717
230,MONTANA,2016,497147,177709.0,279240.0,40198.0,,4.3,72870.0,50.0,0.5416957246368246,1042137,0.35745765337012997,0.5616849744642932,0.08085737216557679,,0.4770457243145575
231,NEBRASKA,2016,844227,284494.0,495961.0,63772.0,,3.1,,44.0,0.5308851065620332,1906483,0.33698756377135536,0.5874735112712576,0.07553892495738705,,0.4428190547725839
232,NEVADA,2016,1125385,539260.0,512058.0,74067.0,,5.8,70770.0,48.0,0.5145190594503034,2919555,0.4791782367811904,0.4550069531760242,0.06581481004278536,,0.38546456566154774
233,NEW HAMPSHIRE,2016,744296,348526.0,345790.0,49980.0,,2.9,97360.0,49.0,0.5071786960550441,1343694,0.46826262669690555,0.46458666981953417,0.06715070348356031,,0.5539177818759331
234,NEW JERSEY,2016,3874046,2148278.0,1601933.0,123835.0,,4.9,87410.0,46.0,0.5589792010266046,8873584,0.554530844496942,0.4135038665002945,0.03196528900276352,,0.4365818816838833
235,NEW MEXICO,2016,798319,385234.0,319667.0,93418.0,,6.8,61860.0,50.0,0.4516802379035628,2092555,0.48255647178634103,0.40042514333242724,0.11701838488123169,,0.38150442879637575
236,NEW YORK,2016,7707363,4547562.0,2814589.0,345212.0,,4.9,78440.0,44.0,0.48582750873575303,19636391,0.5900282625847517,0.3651818397550498,0.04478989766019843,,0.39250405026055957
237,NORTH CAROLINA,2016,4741564,2189316.0,2362631.0,189617.0,,5.1,68640.0,46.0,0.5136610630859587,10161802,0.46172866168209475,0.49828094696180414,0.039990391356101065,,0.4666066117013498
238,NORTH DAKOTA,2016,344360,93758.0,216794.0,33808.0,,3.0,76840.0,43.0,0.5133325739375363,756114,0.27226739458706006,0.629556278313393,0.09817632709954699,,0.45543396895177185
239,OHIO,2016,5496487,2394164.0,2841005.0,261318.0,,5.0,68920.0,46.0,0.5005611814103632,11640060,0.4355807627672002,0.5168765067578619,0.0475427304749379,,0.4722043528985246
240,OKLAHOMA,2016,1452992,420375.0,949136.0,83481.0,,4.6,65040.0,47.0,0.5349043582423183,3928143,0.2893168028454389,0.6532286481962736,0.05745454895828745,,0.3698928475872696
241,OREGON,2016,2001336,1002106.0,782403.0,216827.0,,4.8,75500.0,47.0,0.5146412089838216,4093271,0.5007185200286208,0.39094035184496756,0.10834112812641156,,0.48893317837983363
242,PENNSYLVANIA,2016,6115402,2926441.0,2970733.0,218228.0,,5.3,77850.0,46.0,0.5015642998472436,12788468,0.4785361616456285,0.4857788580374602,0.0356849803169113,,0.47819660650517326
243,RHODE ISLAND,2016,464144,252525.0,180543.0,31076.0,,5.2,,47.0,0.5027984907177707,1057816,0.5440660657037472,0.3889805749939674,0.06695335930228549,,0.43877574171689593
244,SOUTH CAROLINA,2016,2103027,855373.0,1155389.0,92265.0,,4.9,69370.0,48.0,0.49674131813996564,4963031,0.4067341978966509,0.5493933268569543,0.043872475246394836,,0.42373843725739374
245,SOUTH DAKOTA,2016,370093,117458.0,227721.0,24914.0,,3.0,73350.0,45.0,0.5305774424031034,863693,0.3173742815994899,0.615307503789588,0.06731821461092212,,0.42850063622143514
246,TENNESSEE,2016,2508027,870695.0,1522925.0,114407.0,,4.7,65550.0,46.0,0.5274211955278065,6651277,0.34716332798650096,0.6072203369421462,0.0456163350713529,,0.37707450764717815
247,TEXAS,2016,8969226,3877868.0,4685047.0,406311.0,,4.6,74240.0,45.0,0.5556142282939195,27914064,0.4323525798101196,0.5223468557933538,0.04530056439652652,,0.32131566367405334
248,UTAH,2016,1131430,310676.0,515231.0,305523.0,,3.3,86150.0,42.0,0.5270265861528971,3044241,0.274587027036582,0.4553803593682331,0.2700326135951849,,0.37166242751477296
249,VERMONT,2016,315077,178573.0,95369.0,41135.0,,3.1,77670.0,51.0,0.5231537771713715,624366,0.5667598713965157,0.3026847405554833,0.13055538804800096,,0.5046351018473139
250,VIRGINIA,2016,3984631,1981473.0,1769443.0,233715.0,,4.0,84840.0,46.0,0.5056473405165042,8417651,0.4972789199301014,0.44406696630127107,0.05865411376862751,,0.47336614454555076
251,WASHINGTON,2016,3209214,1742718.0,1221747.0,244749.0,,5.2,89770.0,46.0,0.5168519796642438,7299961,0.5430357713757948,0.3806997601281809,0.07626446849602427,,0.4396207048229436
252,WEST VIRGINIA,2016,713051,188794.0,489371.0,34886.0,,6.1,56630.0,46.0,0.4701978771937416,1832435,0.26476928017771517,0.6863057481161936,0.04892497170609115,,0.389127581605896
253,WISCONSIN,2016,2975753,1381823.0,1404440.0,189490.0,,3.9,76370.0,46.0,0.50759445860352,5775170,0.46436078532055586,0.4719612145228451,0.06367800015659902,,0.515266736736754
254,WYOMING,2016,255849,55973.0,174419.0,25457.0,,5.3,73830.0,46.0,0.4862617079491003,585243,0.2187735734749794,0.6817263307654124,0.0995000957596082,,0.43716712545045394
255,ALABAMA,2020,2323282,849624.0,1441170.0,32488.0,,6.4,65600.0,47.0,0.48564364988977526,5033094,0.36569990212122333,0.620316431668648,0.013983666210128603,,0.4616011542800512
256,ALASKA,2020,357569,153778.0,189951.0,2270.0,2673.0,8.3,,46.0,0.517075770720284,733017,0.43006524614829583,0.5312289376316179,0.006348425059219339,0.0074754802569573986,0.4878045120372379
257,ARIZONA,2020,3385294,1672143.0,1661686.0,0.0,0.0,7.8,80470.0,49.0,0.504557579910606,7187135,0.4939432143855157,0.4908542655379415,0.0,0.0,0.47102134577964655
258,ARKANSAS,2020,1219069,423932.0,760647.0,18377.0,2980.0,6.1,60900.0,46.0,0.5069294150189014,3014546,0.34775061953014963,0.6239572985614432,0.015074618417825406,0.0024444883759655936,0.4043955540900686
259,CALIFORNIA,2020,17500881,11110250.0,6006429.0,115278.0,81029.0,10.1,93140.0,45.0,0.539876233177803,39521958,0.6348394689387351,0.3432072362528492,0.006586982678186315,0.004629995484227337,0.44281411867296655
260,COLORADO,2020,3256980,1804352.0,1364607.0,26575.0,8986.0,6.8,100500.0,46.0,0.5457844297265056,5787129,0.553995419069199,0.41897923843560597,0.008159399198030076,0.002758997599002757,0.5627972004771278
261,CONNECTICUT,2020,1823857,1080831.0,714717.0,541.0,7538.0,8.0,95280.0,48.0,0.49759467361057186,3579918,0.5926073151568352,0.3918711828833072,0.0002966241322647554,0.004132999462128884,0.5094689319699501
262,DELAWARE,2020,504010,296268.0,200603.0,,2139.0,7.5,83990.0,50.0,0.49031749221721277,991928,0.5878216702049562,0.39801392829507354,,0.004243963413424337,0.5081114758329234
263,DISTRICT OF COLUMBIA,2020,344356,317323.0,18586.0,4685.0,1726.0,8.0,105800.0,37.0,0.46962300073340396,670917,0.9214969392140692,0.05397321376714795,0.013605106343435282,0.005012254759609242,0.5132617000314494
264,FLORIDA,2020,11067456,5297045.0,5668731.0,16635.0,14721.0,8.0,69280.0,49.0,0.5032696972077327,21592035,0.47861450725442234,0.5121981962250404,0.0015030554447200875,0.0013301159724511216,0.5125712328643409
265,GEORGIA,2020,4998482,2474507.0,2461837.0,,,6.5,71090.0,46.0,0.5202386827074151,10732888,0.49505169769542035,0.49251692813938314,,,0.46571640363711986
266,HAWAII,2020,574457,366127.0,196855.0,2114.0,3822.0,11.6,96950.0,48.0,0.5198940255977738,1451252,0.6373444835731831,0.3426801309758607,0.003679996936237177,0.006653239493991717,0.39583545793563074
267,IDAHO,2020,867361,287021.0,554119.0,9817.0,,5.5,80030.0,47.0,0.5237026886949854,1849415,0.3309129647286424,0.6388562547774226,0.01131824004076734,,0.46899208668687126
268,ILLINOIS,2020,6033744,3471915.0,2446891.0,17816.0,30578.0,9.3,89160.0,45.0,0.5244679055564497,12799088,0.5754163584003564,0.4055344409706477,0.0029527271955853613,0.005067831847025661,0.4714198386635048
269,INDIANA,2020,3033121,1242416.0,1729519.0,965.0,989.0,7.3,80130.0,46.0,0.49946568499444194,6790497,0.409616365453274,0.570211013672056,0.0003181541389215926,0.00032606678071860637,0.44667142920466646
270,IOWA,2020,1690871,759061.0,902009.0,7089.0,3075.0,5.2,,45.0,0.4973389350700157,3191141,0.44891715571442176,0.533458199945472,0.004192513799101173,0.0018185893542440553,0.5298640830975504
271,KANSAS,2020,1372303,570323.0,771406.0,,,5.8,87660.0,46.0,0.5261998408137107,2938172,0.41559553538832167,0.5621251283426474,,,0.4670601312652901
272,KENTUCKY,2020,2134996,772285.0,1326418.0,10076.0,,6.5,68080.0,46.0,0.4684131325950776,4508318,0.36172667302421174,0.6212742318955164,0.004719446781164929,,0.4735681910637182
273,LOUISIANA,2020,2148062,856034.0,1255776.0,14607.0,,8.6,61390.0,46.0,0.5354863915981593,4652301,0.39851456801526214,0.5846088241400853,0.006800083051606518,,0.4617203401069707
274,MAINE,2020,822534,430473.0,359899.0,10046.0,8111.0,5.1,76400.0,50.0,0.5013482450155218,1364571,0.5233497946589442,0.4375490861168049,0.012213476889709118,0.00986099054871896,0.6027784556464999
275,MARYLAND,2020,3037031,1985023.0,976414.0,26307.0,15799.0,6.5,113700.0,47.0,0.49012669016876736,6177935,0.6536064333883981,0.321502809816561,0.008662078194131045,0.005202120096897266,0.4915932265392886
276,MASSACHUSETTS,2020,3658005,2382202.0,1167202.0,42930.0,18658.0,9.3,105300.0,46.0,0.4974443027780089,6994598,0.6512298370286536,0.3190815758863096,0.011735905227029487,0.005100594449706876,0.5229757306996056
277,MICHIGAN,2020,5539302,2804040.0,2649852.0,11311.0,13718.0,10.0,77240.0,48.0,0.4813618623113038,10072703,0.5062081829082437,0.4783729069113762,0.002041954022365995,0.0024764853044661585,0.5499320291683374
278,MINNESOTA,2020,3277171,1717077.0,1484065.0,31020.0,10033.0,6.3,94460.0,45.0,0.523667685442779,5710735,0.5239509930974001,0.4528494240916937,0.009465481050576855,0.0030614819916324173,0.5738615081946544
279,MISSISSIPPI,2020,1313759,539398.0,756764.0,8073.0,1498.0,7.9,54140.0,46.0,0.44046574286667295,2958536,0.41057606455978607,0.5760295457538255,0.0061449626605793,0.001140239572098079,0.4440571282553263
280,MISSOURI,2020,3025962,1253014.0,1718736.0,4060.0,8947.0,6.1,74580.0,46.0,0.5083086014009229,6154744,0.4140878173618836,0.5679965577888949,0.001341722070534924,0.0029567456564226517,0.49164709368903076
281,MONTANA,2020,603640,244786.0,343602.0,,,5.8,68060.0,48.0,0.5440416995301944,1087230,0.40551653303293356,0.569216751706315,,,0.555209109388078
282,NEBRASKA,2020,951712,374583.0,556846.0,,,4.3,,44.0,0.5235780392877938,1963387,0.39358860663730205,0.5850992737298678,,,0.48472970433236034
283,NEVADA,2020,1404911,703314.0,669608.0,17215.0,,13.5,73360.0,48.0,0.5191768327612348,3116967,0.5006110707368652,0.4766195153999079,0.012253445236032745,,0.4507301488915346
284,NEW HAMPSHIRE,2020,803833,424937.0,365660.0,,,6.7,106600.0,50.0,0.4989911680032673,1378756,0.5286384112122792,0.4548954820217632,,,0.5830132380203604
285,NEW JERSEY,2020,4549353,2608335.0,1883274.0,11865.0,14202.0,9.5,102600.0,46.0,0.5537703967416208,9272794,0.5733419675281298,0.41396523857348505,0.0026080631685428675,0.0031217625890978345,0.49061296951059197
286,NEW MEXICO,2020,923965,501614.0,401894.0,3446.0,4426.0,7.9,61060.0,50.0,0.453958261976324,2118606,0.5428928584957222,0.43496669246129455,0.003729578501350159,0.004790224737950031,0.43611931619187333
287,NEW YORK,2020,8661735,5230985.0,3244798.0,92965.0,32753.0,9.8,82350.0,45.0,0.4835429411222525,20105171,0.603918845358349,0.3746129384009093,0.010732838166949232,0.003781344037886174,0.4308212548900977
288,NORTH CAROLINA,2020,5524802,2684292.0,2758773.0,20864.0,12195.0,7.2,72480.0,47.0,0.509252210658332,10449652,0.4858621177736324,0.4993433248829551,0.0037764249288933793,0.0022073189229224865,0.5287067932979969
289,NORTH DAKOTA,2020,361819,114902.0,235595.0,1929.0,,5.0,76900.0,43.0,0.5113321130003208,779563,0.31756762359080093,0.6511404873707572,0.0053313949792575845,,0.46413054493350764
290,OHIO,2020,5922202,2679165.0,3154834.0,20634.0,,8.2,72420.0,47.0,0.5007116274987077,11798905,0.45239338340705026,0.5327130010087464,0.0034841770003792506,,0.5019281026502036
291,OKLAHOMA,2020,1560699,503890.0,1020280.0,11798.0,,6.3,62940.0,47.0,0.5253532696632011,3965415,0.32286174335986634,0.6537327184806295,0.007559433305204912,,0.39357772137342495
292,OREGON,2020,2374321,1340383.0,958448.0,22077.0,11831.0,7.6,92180.0,47.0,0.5172460953527175,4243779,0.5645331865404888,0.4036724604634335,0.009298237264464241,0.004982898268599738,0.5594827157587612
293,PENNSYLVANIA,2020,6915283,3458229.0,3377674.0,,,8.8,84910.0,46.0,0.5021152737951049,12996143,0.5000849567544814,0.4884361204017247,,,0.5321027169368635
294,RHODE ISLAND,2020,517757,307486.0,199922.0,5296.0,,9.2,,48.0,0.5132251212482839,1096530,0.5938809132469479,0.3861309455980315,0.010228736646728099,,0.4721776877969595
295,SOUTH CAROLINA,2020,2513329,1091541.0,1385103.0,1862.0,6907.0,6.0,72380.0,48.0,0.4881066473397919,5132249,0.43430088142061785,0.5511029395674024,0.0007408500836937783,0.002748147974260433,0.4897129893736645
296,SOUTH DAKOTA,2020,422609,150471.0,261043.0,,,4.1,84190.0,45.0,0.5179134824370749,887948,0.3560525213613529,0.6176938967225024,,,0.4759389063323528
297,TENNESSEE,2020,3053851,1143711.0,1852475.0,57665.0,,7.4,65940.0,46.0,0.525587761200527,6927904,0.37451434271023704,0.6066029416628381,0.018882715626924822,,0.44080446264844314
298,TEXAS,2020,11315056,5259126.0,5890347.0,5944.0,33396.0,7.7,82050.0,44.0,0.5471766817141104,29239570,0.4647900991387051,0.5205760360355265,0.0005253177712951664,0.002951465728494848,0.3869775102711839
299,UTAH,2020,1495354,560282.0,865139.0,26433.0,5053.0,4.8,100700.0,42.0,0.5350487388013447,3284077,0.3746818479102607,0.5785512995584992,0.017676750789445174,0.003379132967845741,0.4553346343584514
300,VERMONT,2020,370826,242826.0,112708.0,10374.0,1310.0,5.6,80670.0,51.0,0.517956146046651,642977,0.6548246347343498,0.30393769584656954,0.027975384681764495,0.0035326541288906387,0.576732915796366
301,VIRGINIA,2020,4462600,2413568.0,1962430.0,21841.0,,6.5,98610.0,46.0,0.4988116301691981,8637615,0.5408434544884149,0.4397503697396137,0.004894232062026621,,0.5166472457964381
302,WASHINGTON,2020,4087631,2369612.0,1584651.0,34579.0,18289.0,8.7,97580.0,46.0,0.5114016189311729,7727209,0.5797030113530306,0.3876697774334327,0.008459423074147349,0.00447422969441224,0.5289919038038184
303,WEST VIRGINIA,2020,794652,235984.0,545382.0,,2599.0,8.3,62340.0,48.0,0.4635233503097274,1791646,0.29696521244519614,0.6863155192461606,,0.00327061405495739,0.4435318137623169
304,WISCONSIN,2020,3297352,1630673.0,1610065.0,17034.0,1089.0,6.4,80850.0,47.0,0.511852205360156,5897375,0.4945401643500603,0.488290300823206,0.0051659634761469205,0.00033026501265257695,0.55912198223786
305,WYOMING,2020,278503,73491.0,193559.0,5685.0,,5.9,78500.0,48.0,0.4688629944924095,577681,0.26387866557990397,0.6949978994840271,0.020412706505854514,,0.4821051756938518
306,ALABAMA,2024,2264972,772412.0,1462616.0,25014.0,,3.1,65560.0,,,5157699,0.34102496631304935,0.6457545612042886,0.011043845133626376,,0.43914388955229844
307,ALASKA,2024,338177,140026.0,184458.0,10653.0,,4.6,,,,740133,0.4140612756041954,0.5454480937497228,0.03150125525981956,,0.45691382494767835
308,ARIZONA,2024,4693783,2145165.0,2461122.0,62988.0,,3.6,84700.0,,,7582384,0.4570226190686702,0.5243365532663099,0.013419452923153883,,0.6190378909852099
309,ARKANSAS,2024,2365352,793810.0,1518482.0,41630.0,,3.5,64840.0,,,3088354,0.3355990989924544,0.6419687217800987,0.017599917475284863,,0.7658940652528823
310,CALIFORNIA,2024,15862678,9276179.0,6081697.0,438140.0,,5.3,100600.0,,,39431263,0.5847801361157303,0.3833966118457426,0.02762080904624049,,0.40228683519470326
311,COLORADO,2024,3190873,1728159.0,1377441.0,63834.0,,4.3,106500.0,,,5957493,0.54159441632431,0.4316815492186621,0.020005183534412056,,0.53560667213541
312,CONNECTICUT,2024,1759010,992053.0,736918.0,23310.0,,3.2,99240.0,,,3675069,0.5639837181141665,0.4189390623134604,0.013251772303739036,,0.4786331902884
313,DELAWARE,2024,511697,289758.0,214351.0,5550.0,,3.7,85860.0,,,1051917,0.5662687098028716,0.4189022018890085,0.010846262534273213,,0.4864423714038275
314,DISTRICT OF COLUMBIA,2024,328414,294185.0,21076.0,13153.0,,5.2,104800.0,,,702250,0.8957748451649442,0.06417509606776813,0.04005005876728763,,0.4676596653613386
315,FLORIDA,2024,10893752,4683038.0,6110125.0,68617.0,,3.4,75630.0,,,23372215,0.42988292738810285,0.5608834311631108,0.006298748126448996,,0.466098399317309
316,GEORGIA,2024,5250047,2548017.0,2663117.0,18229.0,,3.5,81210.0,,,11180878,0.4853322265495909,0.5072558398048627,0.003472159392096871,,0.46955587924311487
317,HAWAII,2024,516701,313044.0,193661.0,7263.0,,3.0,98240.0,,,1446146,0.6058513531036325,0.3748028356825321,0.014056485278720188,,0.35729518319727055
318,IDAHO,2024,905057,274972.0,605246.0,20377.0,,3.7,81650.0,,,2001619,0.3038173286323403,0.6687379910878541,0.022514604052562434,,0.45216247447691094
319,ILLINOIS,2024,5633310,3062863.0,2449079.0,117858.0,,5.0,84210.0,,,12710158,0.543705743159883,0.43474955221708017,0.020921625119157298,,0.44321321576018174
320,INDIANA,2024,2936677,1163603.0,1720347.0,32302.0,,4.2,76710.0,,,6924275,0.39623118238743993,0.5858141702339072,0.010999507266205986,,0.4241132826180358
321,IOWA,2024,3347301,1413835.0,1854038.0,64992.0,,3.0,,,,3241488,0.42238059857777954,0.5538904329189398,0.019416240128987503,,1.032643341576461
322,KANSAS,2024,1327591,544853.0,758802.0,16322.0,,3.6,87690.0,,,2970606,0.4104072715166041,0.5715630792917397,0.012294449118742144,,0.4469091491769693
323,KENTUCKY,2024,2074530,704043.0,1337494.0,26571.0,,5.1,64790.0,,,4588372,0.33937470173967116,0.6447214549801642,0.012808202339807088,,0.4521276827598111
324,LOUISIANA,2024,2974974,1133303.0,1799142.0,33434.0,,4.4,60740.0,,,4597740,0.38094551414566985,0.6047588987332326,0.011238417545834014,,0.6470513774158608
325,MAINE,2024,824806,430342.0,376991.0,12220.0,,3.1,90730.0,,,1405012,0.5217493568184518,0.45706626770416314,0.014815605124114034,,0.5870455198959155
326,MARYLAND,2024,3038334,1902577.0,1035550.0,84637.0,,3.0,109700.0,,,6263220,0.6261908664419382,0.34082823020773884,0.02785638445279551,,0.4851073409524174
327,MASSACHUSETTS,2024,3473668,2126518.0,1251303.0,78112.0,,4.0,113900.0,,,7136171,0.6121822810930694,0.3602252719603601,0.022486892817621028,,0.48676916514472535
328,MICHIGAN,2024,5664186,2736533.0,2816636.0,88577.0,,4.7,79460.0,,,10140459,0.48312908509713487,0.49727109950132287,0.015638081094088364,,0.5585729403373161
329,MINNESOTA,2024,3253920,1656979.0,1519032.0,62754.0,,3.0,92350.0,,,5793151,0.5092254880267493,0.46683139106062843,0.019285661602006194,,0.5616839609393921
330,MISSISSIPPI,2024,1228008,466668.0,747744.0,11060.0,,3.2,55980.0,,,2943045,0.3800203256004847,0.6089080852893467,0.009006455984000104,,0.4172576362237071
331,MISSOURI,2024,2995327,1200599.0,1751986.0,18866.0,,3.7,78390.0,,,6245466,0.40082401687695535,0.5849064225708912,0.006298477595267562,,0.4796002411989754
332,MONTANA,2024,602963,231906.0,352079.0,14703.0,,3.0,81920.0,,,1137233,0.38461066433595426,0.583914767572803,0.024384580811757935,,0.5302018144039085
333,NEBRASKA,2024,947159,369995.0,564816.0,5949.0,,2.8,,,,2005465,0.3906366301750815,0.5963264879497528,0.006280888425280233,,0.47228897038841366
334,NEVADA,2024,1484840,705197.0,751205.0,22379.0,,5.6,80590.0,,,3267467,0.47493130572991027,0.505916462379785,0.01507165755232887,,0.45443152142010923
335,NEW HAMPSHIRE,2024,826189,418488.0,395523.0,7753.0,,2.6,111800.0,,,1409032,0.5065281672837572,0.478731864016587,0.009384051349025466,,0.5863521907238445
336,NEW JERSEY,2024,4272725,2220713.0,1968215.0,73297.0,,4.5,103500.0,,,9500851,0.5197416168838388,0.4606463088544196,0.017154626146077736,,0.44972024085000384
337,NEW MEXICO,2024,920922,478802.0,423391.0,15030.0,,4.1,64140.0,,,2130256,0.5199159103594007,0.45974686238356777,0.016320600441731222,,0.4323057886000556
338,NEW YORK,2024,8262495,4619195.0,3578899.0,59063.0,,4.3,86830.0,,,19867248,0.5590557089595818,0.4331499141603111,0.007148325051936491,,0.4158852298013293
339,NORTH CAROLINA,2024,5699141,2715375.0,2898423.0,63218.0,,3.6,67220.0,,,11046024,0.4764533813078146,0.5085719058363357,0.011092548859556203,,0.5159450133369256
340,NORTH DAKOTA,2024,368155,112327.0,246505.0,3096.0,,2.4,88080.0,,,796568,0.3051079029213239,0.669568524127066,0.008409501432820415,,0.46217648712978676
341,OHIO,2024,5767788,2533699.0,3180116.0,25773.0,,4.3,80520.0,,,11883304,0.4392843495634722,0.5513579902728741,0.004468437466841708,,0.48536905224338284
342,OKLAHOMA,2024,3132346,999198.0,2072426.0,42326.0,,3.3,65310.0,,,4095393,0.3189934956099997,0.6616210342024795,0.013512555764912306,,0.7648462552922272
343,OREGON,2024,2244493,1240600.0,919480.0,75352.0,,4.2,89700.0,,,4272371,0.5527306166693324,0.4096604444745428,0.03357194698312715,,0.5253506776448019
344,PENNSYLVANIA,2024,14068412,6846084.0,7086616.0,69076.0,,3.6,80060.0,,,13078751,0.4866280572391539,0.5037253671558666,0.004910006900565608,,1.0756693815793266
345,RHODE ISLAND,2024,511816,283750.0,214291.0,12161.0,,4.3,,,,1112308,0.5543984556950154,0.4186875752223455,0.023760492051831127,,0.46013873855083304
346,SOUTH CAROLINA,2024,7644420,2056904.0,2967494.0,46544.0,,4.1,76780.0,,,5478831,0.26907260459263094,0.3881908634010167,0.0060886241206003855,,1.3952647927997779
347,SOUTH DAKOTA,2024,428922,146859.0,272081.0,7204.0,,1.8,79850.0,,,924669,0.34239092422398476,0.6343367791812964,0.016795594537002065,,0.46386544806844393
348,TENNESSEE,2024,3063942,1056265.0,1966865.0,40812.0,,3.4,75860.0,,,7227750,0.3447405336001791,0.6419393709149847,0.013320095484836201,,0.42391366607865516
349,TEXAS,2024,50534517,8746992.0,11507322.0,18775755.0,,4.1,81490.0,,,31290831,0.17308945487695074,0.2277121200149197,0.3715431771119926,,1.6149944052300815
350,UTAH,2024,1488494,562566.0,883818.0,25208.0,,3.2,104000.0,,,3503613,0.3779430753499846,0.5937665855556018,0.016935237898170905,,0.4248454381234457
351,VERMONT,2024,669861,210938.0,108055.0,11240.0,,2.3,85260.0,,,648493,0.3148981654402928,0.1613095851228837,0.016779600543993457,,1.032950240018011
352,VIRGINIA,2024,4482576,2335395.0,2075085.0,52282.0,,2.9,97720.0,,,8811195,0.520993955261439,0.4629224356709178,0.011663382840580952,,0.5087364426732128
353,WASHINGTON,2024,3924243,2245849.0,1530923.0,131043.0,,4.5,97500.0,,,7958180,0.5723012056083173,0.39011931727979127,0.033393192011809666,,0.4931080975801
354,WEST VIRGINIA,2024,1524780,214309.0,533556.0,11478.0,,4.1,63150.0,,,1769979,0.14055076797964297,0.34992326761893516,0.007527643332152835,,0.8614678479236194
355,WISCONSIN,2024,6845836,1668229.0,1697626.0,46552.0,,3.0,82560.0,,,5960975,0.24368521244154842,0.247979355625814,0.006800046042587056,,1.148442326968323
356,WYOMING,2024,271123,69527.0,192633.0,2695.0,,3.2,78680.0,,,587618,0.256440803620497,0.7105004001873688,0.009940137871003198,,0.4613932861144485
