state,year,total_votes,dem_votes,rep_votes,other_votes,green_votes,unemployment_rate,median_income,med_age,bach_per,hs_per,voting_age_pop,Population 18-24,Population 25-44,Population 45-64,Population 65+,dem_votes_per,rep_votes_per,other_votes_per,green_votes_per,voter_participation
ALABAMA,2000,1672551,695602.0,944409.0,14191.0,18349.0,4.7,60570.0,43.0,0.23956601410310496,0.5451755182218437,3329900.0,442244,1284371,1022405,580880,0.4158928487083503,0.5646518402129442,0.008484644115485865,0.010970666963219657,0.5022826511306646
ALASKA,2000,285530,79004.0,167398.0,10381.0,28747.0,6.3,,41.0,0.2842218372196503,0.45313224838346255,437348.0,57670,202899,140673,36106,0.27669246664098346,0.586271144888453,0.03635695023290022,0.10067943823766329,0.6528668245881998
ARIZONA,2000,1534113,685341.0,781652.0,21475.0,45645.0,4.0,68020.0,44.0,0.2683697535478562,0.483790252015136,3787172.0,519627,1514406,1081807,671332,0.4467343670251148,0.5095139667025832,0.013998316942754543,0.029753349329547433,0.40508141695175187
ARKANSAS,2000,921781,422768.0,472940.0,12652.0,13421.0,4.2,50780.0,44.0,0.1924449325237744,0.6387471196458235,1998210.0,263749,749201,610756,374504,0.4586425626043496,0.5130719769663293,0.01372560293605531,0.014559857493265754,0.46130336651302917
CALIFORNIA,2000,10965856,5861203.0,4567429.0,118517.0,418707.0,4.9,80050.0,42.0,0.32881627514481515,0.39194089973864005,24720888.0,3391356,10724282,6996801,3608449,0.5344957110507379,0.4165136766340904,0.010807820201177182,0.038182792113994564,0.44358665433054023
COLORADO,2000,1741365,738227.0,883745.0,27959.0,91434.0,2.7,82480.0,41.0,0.360221325065402,0.37996866876689217,3220245.0,433665,1404449,963845,418286,0.423935820462683,0.507501299268103,0.01605579531000106,0.05250708495921303,0.540755439415324
CONNECTICUT,2000,1459525,816015.0,561094.0,17964.0,64452.0,2.1,85780.0,45.0,0.30714087172345633,0.4273285359717886,2569535.0,272527,1031174,795082,470752,0.5590962813244035,0.384436032270773,0.012308113941179493,0.04415957246364399,0.5680113327897849
DELAWARE,2000,327529,180068.0,137288.0,1866.0,8307.0,3.4,86110.0,44.0,0.25475473747320115,0.539273079977525,591459.0,75953,236255,177082,102169,0.5497772716309091,0.4191628832866708,0.0056972054382970665,0.025362639644123115,0.5537645043866101
DISTRICT OF COLUMBIA,2000,201894,171923.0,18073.0,1322.0,10576.0,5.7,70480.0,41.0,0.33785944003026863,0.37736000756715854,457543.0,73084,188950,125745,69764,0.8515508137933767,0.08951727143946824,0.006547990529683893,0.052383924237471145,0.44125688733080826
FLORIDA,2000,5960660,2911417.0,2911215.0,40602.0,97426.0,3.7,66440.0,45.0,0.25406422492812275,0.5266338606834097,12392635.0,1341695,4574160,3664625,2812155,0.4884386963859707,0.48840480752131477,0.0068116617958414,0.016344834296873164,0.48098406835995733
GEORGIA,2000,2596804,1116230.0,1419720.0,47422.0,13432.0,3.5,71640.0,41.0,0.2686066064152533,0.5331655356251527,6050727.0,844819,2656884,1760584,788440,0.42984761268081845,0.5467181966756058,0.018261678586447033,0.005172512057128686,0.42917223004772814
HAWAII,2000,367871,205242.0,137819.0,3196.0,21614.0,4.2,88130.0,44.0,0.30260085164260714,0.4626248492819273,918167.0,116069,361421,279562,161115,0.557918400743739,0.37463947960018595,0.0086878280701659,0.05875429158590919,0.4006580502239789
IDAHO,2000,501621,138637.0,336937.0,13755.0,12292.0,4.6,64310.0,43.0,0.259135176423161,0.5187159194585305,929000.0,139787,362462,280293,146458,0.2763779825804741,0.6716963603995846,0.027421100791234818,0.024504556228706533,0.5399580193756728
ILLINOIS,2000,4742123,2589026.0,2019421.0,29917.0,103759.0,4.5,78760.0,42.0,0.28598193979193237,0.485766716498297,9189217.0,1216712,3787941,2683910,1500654,0.5459634851310268,0.42584745271263524,0.006308777735204253,0.021880284421133742,0.5160529999454796
INDIANA,2000,2199305,901980.0,1245836.0,32983.0,18506.0,3.0,69870.0,43.0,0.19250291091616986,0.6156002108976865,4516877.0,618678,1787894,1356493,753812,0.4101204698757107,0.5664680433136832,0.014997010419200612,0.008414476391405466,0.48690832183386884
IOWA,2000,1315563,638517.0,634373.0,13299.0,29374.0,2.7,70090.0,45.0,0.22296381994453948,0.5738062673314084,2195730.0,299309,805939,654102,436380,0.4853564595538184,0.48220647737888644,0.010108979957630307,0.022328083109664835,0.5991460698719788
KANSAS,2000,1072216,399276.0,622332.0,14522.0,36086.0,3.7,70200.0,43.0,0.275183229385115,0.5049376213512038,1979794.0,276874,767825,578567,356528,0.3723839226424526,0.580416632469577,0.013543912793690823,0.03365553209427951,0.5415795784813976
KENTUCKY,2000,1544187,638898.0,872492.0,9605.0,23192.0,4.2,62010.0,43.0,0.17291285923797595,0.6441405727639357,3054037.0,404122,1207861,936459,505595,0.4137439312725726,0.5650170607575378,0.006220101580961373,0.015018906388928284,0.505621575639064
LOUISIANA,2000,1765656,792344.0,927871.0,24968.0,20473.0,5.1,52520.0,42.0,0.2323770623872132,0.6203656709203403,3254215.0,476115,1289109,971272,517719,0.44875332454339917,0.5255106317425365,0.01414091986207959,0.011595123851984758,0.5425750910741914
MAINE,2000,651817,319951.0,286616.0,8123.0,37127.0,3.3,63720.0,46.0,0.2369208723299449,0.5229035869419193,975665.0,104441,369562,317949,183713,0.4908601647394898,0.43971850994987854,0.012462086751342786,0.05695923855928888,0.6680745952760425
MARYLAND,2000,2025480,1145782.0,813797.0,12133.0,53768.0,3.6,93240.0,43.0,0.2813309172363713,0.44675545254954085,3954073.0,454223,1663110,1235297,601443,0.5656841835021822,0.4017798250291289,0.0059901850425578135,0.02654580642613109,0.5122515441672423
MASSACHUSETTS,2000,2702984,1616487.0,878502.0,34431.0,173564.0,2.8,79940.0,43.0,0.299156720938073,0.4237295072991194,4859770.0,582419,1986325,1430128,860898,0.5980379462105584,0.3250119127601199,0.012738144213950212,0.06421199681537146,0.5561958693518417
MICHIGAN,2000,4232711,2170418.0,1953139.0,24989.0,84165.0,3.6,77820.0,43.0,0.24569261860178113,0.5207362288701044,7356336.0,936873,2952464,2245700,1221299,0.5127725469563124,0.46143925252633594,0.005903781288162598,0.019884419229189047,0.5753830439501404
MINNESOTA,2000,2438685,1168266.0,1109659.0,34064.0,126696.0,3.1,92760.0,43.0,0.31218652464345226,0.48471894320920683,3643977.0,473390,1496022,1079183,595382,0.479055720603522,0.4550235065209324,0.013968183672758065,0.051952589202787565,0.6692372097848038
MISSISSIPPI,2000,994926,404964.0,573230.0,8606.0,8126.0,5.3,58640.0,43.0,0.24033102086533822,0.5700215161348876,2074000.0,312494,805410,612078,344018,0.4070292664982119,0.5761534023635929,0.008649889539523543,0.00816744159867166,0.47971359691417553
MISSOURI,2000,2359892,1111138.0,1189924.0,20315.0,38515.0,3.4,77110.0,44.0,0.24902302955167163,0.545929642727201,4178902.0,539169,1623972,1259530,756231,0.47084273348102373,0.5042281595937441,0.008608444793236301,0.016320662131995872,0.5647158033378146
MONTANA,2000,410986,137126.0,240178.0,9245.0,24437.0,4.8,56040.0,46.0,0.309052963630421,0.513767905173422,673706.0,86160,244578,221680,121288,0.3336512679264014,0.584394602249225,0.0224946835172001,0.05945944630717348,0.6100376128459595
NEBRASKA,2000,697019,231780.0,433862.0,6837.0,24540.0,2.8,71380.0,44.0,0.28288545937188625,0.5095327557749499,1263440.0,175138,486133,369739,232430,0.33253039013283714,0.6224536203460738,0.009808914821547188,0.03520707469954191,0.5516834990185525
NEVADA,2000,608970,279978.0,301575.0,12409.0,15008.0,4.2,78240.0,42.0,0.2087594984466466,0.5873267583548012,1502723.0,182316,632738,466071,221598,0.45975663825804225,0.4952214394797773,0.020377030067162585,0.024644892195017816,0.40524434642978113
NEW HAMPSHIRE,2000,569081,266348.0,273559.0,6976.0,22198.0,2.7,87070.0,44.0,0.2827635087245604,0.4446038228312352,929530.0,103843,380967,296339,148381,0.46803179160787306,0.4807030985044308,0.012258360409150895,0.03900674947854523,0.6122244575215432
NEW JERSEY,2000,3187226,1788850.0,1284173.0,19649.0,94554.0,3.7,86180.0,43.0,0.31003649781047427,0.4703708191260872,6341736.0,679480,2621571,1926315,1114370,0.5612560891508792,0.40291243859079967,0.006164922098401557,0.02966655015991963,0.5025794198938587
NEW MEXICO,2000,598605,286783.0,286417.0,4154.0,21251.0,5.0,60000.0,43.0,0.24898552943878724,0.4946958289734494,1313072.0,178009,514911,406829,213323,0.47908554054844177,0.47847411899332615,0.006939467595492854,0.0355008728627392,0.45588132257789366
NEW YORK,2000,6821999,4107697.0,2403374.0,66898.0,244030.0,4.5,69660.0,43.0,0.26147053865379527,0.4659706809115423,14314406.0,1770901,5823214,4266829,2453462,0.602125124908403,0.35229761833738177,0.009806216623602555,0.03577104013061274,0.47658275166989117
NORTH CAROLINA,2000,2911262,1257692.0,1631163.0,22407.0,0.0,3.8,65510.0,42.0,0.27948291001872194,0.4999958579783621,6113988.0,814559,2502030,1824912,972487,0.4320092111256218,0.5602941267395377,0.007696662134840492,0.0,0.47616416649820054
NORTH DAKOTA,2000,288267,95284.0,174852.0,8634.0,9497.0,2.9,61550.0,42.0,0.28967498818481047,0.5043224773001979,481546.0,73369,174094,139498,94585,0.33054078337097204,0.6065626658618573,0.029951399223636422,0.03294515154353429,0.5986281684408136
OHIO,2000,4705457,2186190.0,2351209.0,50201.0,117857.0,4.1,73460.0,44.0,0.2283602941899345,0.6004236107849252,8476958.0,1062598,3313221,2591732,1509407,0.46460736969862865,0.4996770770618029,0.010668676815025618,0.025046876424542824,0.5550879218700859
OKLAHOMA,2000,1234229,474276.0,744337.0,15616.0,0.0,3.0,55450.0,44.0,0.254220967723045,0.5526911963270763,2562518.0,358278,972426,775244,456570,0.38426904569573395,0.603078521084823,0.012652433219443069,0.0,0.48164695818722053
OREGON,2000,1533968,720342.0,713577.0,22692.0,77357.0,5.2,72660.0,45.0,0.28736860321305924,0.4753900426597996,2582197.0,329918,996147,817150,438982,0.4695938898334255,0.46518375872247664,0.01479300741606083,0.05042934402803709,0.5940553722276031
PENNSYLVANIA,2000,4912185,2485967.0,2281127.0,41699.0,103392.0,4.2,72110.0,45.0,0.2143152869105775,0.5989192402309937,9365323.0,1099628,3495003,2852524,1918168,0.5060817131276611,0.4643813292862545,0.008488890381775116,0.021048067204309285,0.5245078039486732
RHODE ISLAND,2000,409112,249508.0,130555.0,3997.0,25052.0,4.0,,43.0,0.2687079639870298,0.4679354068825559,802203.0,107167,310069,232537,152430,0.6098770018967911,0.31911799213907194,0.009769940749721347,0.061235065214415615,0.5099856270794301
SOUTH CAROLINA,2000,1383777,566039.0,786426.0,11033.0,20279.0,3.7,64240.0,42.0,0.273283871731793,0.5040480817367993,3013582.0,411181,1184456,930738,487207,0.40905362641523885,0.5683184501549021,0.007973105493153882,0.01465481793670512,0.45918013845317635
SOUTH DAKOTA,2000,316269,118804.0,190700.0,6765.0,0.0,2.5,62370.0,43.0,0.2598057174971633,0.5389258617684617,553163.0,78009,205892,161066,108196,0.37564225390411327,0.6029677268401266,0.021390019255760128,0.0,0.5717464834054339
TENNESSEE,2000,2076181,981720.0,1061949.0,12731.0,19781.0,3.8,58300.0,43.0,0.24843122318808958,0.5714278060697684,4304034.0,552574,1715304,1330776,705380,0.4728489471775341,0.5114915318076796,0.0061319316572110046,0.00952758935757528,0.48238025071363283
TEXAS,2000,6407637,2433746.0,3799639.0,36258.0,137994.0,4.4,66010.0,42.0,0.30501968543133534,0.48948013440342,15038198.0,2213745,6495058,4248352,2081043,0.37981958091571044,0.5929859946810345,0.005658560246156266,0.021535864157098787,0.42609074571301697
UTAH,2000,770754,203053.0,515096.0,16755.0,35850.0,3.3,81300.0,40.0,0.30629862349292253,0.42099130295195125,1522816.0,319748,627787,384055,191226,0.26344722181136915,0.6683014295092857,0.021738453514350883,0.04651289516499428,0.5061373140287467
VERMONT,2000,294308,149022.0,119775.0,5137.0,20374.0,2.8,67700.0,46.0,0.23857737669436344,0.5106109796584677,462069.0,56798,175916,151661,77694,0.5063470921619528,0.4069716079753184,0.017454503445370157,0.06922679641735868,0.6369351763481211
VIRGINIA,2000,2737915,1216422.0,1436877.0,25243.0,59373.0,2.3,80640.0,42.0,0.32562912221153417,0.4275840841270505,5364397.0,685504,2237682,1646015,795196,0.44428771528699756,0.5248070155574589,0.009219789511361747,0.021685479644181795,0.5103863491087628
WASHINGTON,2000,2488441,1247652.0,1108864.0,28923.0,103002.0,5.1,72710.0,44.0,0.31021493871422656,0.4253844831578135,4394151.0,563285,1814246,1352848,663772,0.5013789758326599,0.44560590345521556,0.011622939824572895,0.041392180887551686,0.566307575684131
WEST VIRGINIA,2000,648124,295497.0,336475.0,5472.0,10680.0,5.6,50290.0,44.0,0.13566211104716255,0.7098204954200419,1405959.0,173008,498535,457356,277060,0.4559266436669526,0.5191521992705099,0.008442828841394547,0.01647832822114287,0.46098357064466317
WISCONSIN,2000,2598607,1242987.0,1237279.0,24271.0,94070.0,3.4,77090.0,44.0,0.2505015557850119,0.5491724039764668,4003559.0,522855,1578869,1198488,703347,0.47832819660687437,0.4761316351414431,0.009340004086804968,0.03620016416487757,0.6490742361983425
WYOMING,2000,218351,60481.0,147947.0,5298.0,4625.0,3.8,67760.0,43.0,0.300805260130601,0.49807143582166985,365526.0,50139,138145,119358,57884,0.27698980082527674,0.6775650214562791,0.0242636855338423,0.021181492184601858,0.5973610632348998
ALABAMA,2004,1883415,693933.0,1176394.0,13088.0,,5.6,57810.0,44.0,0.23895307622843304,0.5301175146646149,3417067.0,457934,1231571,1133736,593826,0.36844402322377173,0.6246068975770077,0.006949079199220565,,0.5511788326070282
ALASKA,2004,488693,180365.0,292267.0,16061.0,,7.4,,43.0,0.28902208892857745,0.45695102020185,472951.0,71882,189864,169057,42148,0.3690762912503351,0.5980584948014398,0.03286521394822516,,1.0332846320231905
ARIZONA,2004,2012585,893524.0,1104294.0,14767.0,,5.0,69200.0,44.0,0.27014516389854104,0.4663732887383106,4167950.0,571196,1580090,1286040,730624,0.44396832928795554,0.5486943408601376,0.007337329851906876,,0.4828716755239386
ARKANSAS,2004,1053694,468631.0,572770.0,12293.0,,5.6,55210.0,44.0,0.20813301162115397,0.6212038661342051,2066520.0,275779,736873,673738,380130,0.4447505632565052,0.5435828618175675,0.011666574925927261,,0.5098881210924646
CALIFORNIA,2004,12383678,6737355.0,5501496.0,144827.0,,6.2,77690.0,43.0,0.33767590029655015,0.38399102076364233,26156079.0,3661991,10675493,8035211,3783384,0.5440512099878566,0.44425379923476693,0.01169499077737648,,0.47345315022178974
COLORADO,2004,2129630,1001732.0,1101255.0,26643.0,,5.6,80310.0,43.0,0.343619327524823,0.38004361813280507,3428644.0,471390,1381778,1125413,450063,0.47037842254288303,0.5171109535459211,0.012510623911195841,,0.6211289361041858
CONNECTICUT,2004,1578769,857488.0,693826.0,27455.0,,5.0,86960.0,45.0,0.2910341554472263,0.432400690583284,2647115.0,298738,976914,896836,474627,0.543137089719902,0.4394727791082799,0.017390131171818042,,0.5964111872736924
DELAWARE,2004,375170,200141.0,171651.0,3378.0,,4.0,75830.0,45.0,0.2666617325981571,0.4826429907286955,631172.0,82812,232563,206390,109407,0.5334674947357199,0.4575285870405416,0.009003918223738572,,0.5944021597916257
DISTRICT OF COLUMBIA,2004,227586,202970.0,21256.0,3360.0,,7.5,68580.0,40.0,0.3448997600037513,0.3149066231291589,457998.0,72344,186503,132297,66854,0.8918386895503239,0.09339766066454,0.014763649785136168,,0.49691483368923006
FLORIDA,2004,7609810,3583544.0,3964522.0,61744.0,,4.6,63980.0,46.0,0.26484764408386685,0.4921103531382407,13524584.0,1573346,4693728,4325200,2932310,0.4709111002771423,0.5209751623233695,0.008113737399488292,,0.5626649958327739
GEORGIA,2004,3298790,1366149.0,1914254.0,18387.0,,4.8,64680.0,42.0,0.28679171081405047,0.4999067842226345,6460397.0,904353,2674993,2038368,842683,0.4141363954662164,0.5802897426025907,0.005573861931192953,,0.5106172267741441
HAWAII,2004,428555,231335.0,194116.0,3104.0,,3.3,88770.0,45.0,0.2978637953378714,0.45343356457421863,975466.0,128434,351586,324979,170467,0.5398023590904318,0.4529546965967029,0.007242944312865327,,0.4393336108075525
IDAHO,2004,598376,181098.0,409235.0,8043.0,,4.9,70010.0,44.0,0.2709837449650095,0.4801572508901279,1007110.0,152372,368918,326759,159061,0.3026491704212736,0.6839094482399026,0.013441381338823749,,0.594151582250201
ILLINOIS,2004,5275415,2891989.0,2346608.0,36818.0,,6.2,72720.0,44.0,0.28837434524820066,0.45509037792287904,9378174.0,1253340,3634054,2979461,1511319,0.5482012315618772,0.4448196018701846,0.006979166567938257,,0.5625204863974587
INDIANA,2004,2468002,969011.0,1479438.0,19553.0,,5.4,66810.0,45.0,0.21431219693842032,0.579544405857639,4646726.0,642292,1720907,1514290,769237,0.39262974665336575,0.5994476503665718,0.007922602980062416,,0.5311270774304316
IOWA,2004,1506908,741898.0,751957.0,13053.0,,4.5,68480.0,45.0,0.25186996774937376,0.5340068797124293,2234927.0,315079,759650,724776,435422,0.4923313168421695,0.4990065750530225,0.00866210810480799,,0.674253789944817
KANSAS,2004,1187756,434993.0,736456.0,16307.0,,5.5,64810.0,45.0,0.2945341770953565,0.4701375968074919,2028917.0,296216,724588,652367,355746,0.3662309430556444,0.620039806155473,0.013729250788882565,,0.5854137946500522
KENTUCKY,2004,1795860,712733.0,1069439.0,13688.0,,5.5,56200.0,44.0,0.19252408665493276,0.6021045428421131,3147642.0,417231,1167552,1044090,518769,0.3968755916385464,0.5955024333745392,0.007621974986914347,,0.5705413766876919
LOUISIANA,2004,1943106,820299.0,1102169.0,20638.0,,5.7,57500.0,44.0,0.2460370990759327,0.5856656123728059,3369507.0,506373,1241246,1092639,529249,0.4221586470321228,0.5672202134108999,0.010621139556977334,,0.576673679562025
MAINE,2004,686510,364153.0,308997.0,13360.0,,4.7,65230.0,46.0,0.2582383658773563,0.5198156217809363,1018897.0,115063,349636,364393,189805,0.5304409258423038,0.4500983234038834,0.019460750753812765,,0.6737776242348343
MARYLAND,2004,2386678,1334493.0,1024703.0,27482.0,,4.3,90120.0,44.0,0.29639253726366044,0.4253914757739109,4163485.0,508100,1620262,1404618,630505,0.5591424565861,0.4293427936236057,0.011514749790294291,,0.5732404464048748
MASSACHUSETTS,2004,2912388,1803800.0,1071109.0,37479.0,,5.1,82100.0,44.0,0.3117554085122672,0.3975545959541475,4932740.0,617664,1867029,1597141,850906,0.619354289332328,0.36777688961772953,0.012868821049942521,,0.5904199288833387
MICHIGAN,2004,4839252,2479183.0,2313746.0,46323.0,,7.0,66690.0,45.0,0.24452725283026275,0.5085157624328118,7502001.0,987400,2754780,2512778,1247043,0.5123070672905647,0.4781205855781017,0.00957234713133352,,0.6450614975924424
MINNESOTA,2004,2827850,1444751.0,1346451.0,36648.0,,4.6,88550.0,44.0,0.32113223883142356,0.439413219291744,3805767.0,513913,1438206,1239429,614219,0.5109008610782043,0.4761394699153067,0.012959669006489028,,0.7430433865236626
MISSISSIPPI,2004,1114859,440034.0,666295.0,8530.0,,6.2,54850.0,44.0,0.22476945037948606,0.5676660971064507,2128600.0,318565,775580,683135,351320,0.39469923999357764,0.5976495682413651,0.007651191765057286,,0.523752231513671
MISSOURI,2004,2731364,1259171.0,1455713.0,16480.0,,5.9,66500.0,45.0,0.24571852299050456,0.536568912454311,4326785.0,583646,1560550,1415041,767548,0.46100446516831883,0.5329619193926551,0.006033615439026069,,0.6312687133749424
MONTANA,2004,450434,173710.0,266063.0,10661.0,,4.5,53590.0,47.0,0.3056161051249442,0.5005636484175281,708010.0,97456,229675,253603,127276,0.3856502839483698,0.5906814316858852,0.023668284365745036,,0.6361972288526998
NEBRASKA,2004,778186,254328.0,512814.0,11044.0,,3.9,69110.0,45.0,0.2793094062844652,0.4919395765938686,1301010.0,188301,464418,416161,232130,0.3268216082016382,0.6589864119889075,0.014191979809454296,,0.598139906687881
NEVADA,2004,829587,397190.0,418690.0,13707.0,,4.4,74500.0,44.0,0.21004840743323794,0.5523085432763828,1754908.0,211757,701910,577519,263722,0.4787804051895702,0.504696915453111,0.016522679357318763,,0.4727239262684996
NEW HAMPSHIRE,2004,677662,340511.0,331237.0,5914.0,,3.8,89670.0,45.0,0.3000092697178916,0.42922742051216906,980878.0,117460,361463,346086,155869,0.5024791120056902,0.4887938234695173,0.008727064524792596,,0.6908728710400274
NEW JERSEY,2004,3609691,1911430.0,1668003.0,30258.0,,4.9,87240.0,45.0,0.31232436613624875,0.45456225562193137,6505510.0,715500,2520242,2150468,1119300,0.5295273196514605,0.46209024539773624,0.008382434950803269,,0.5548667206721687
NEW MEXICO,2004,756304,370942.0,376930.0,8432.0,,5.6,62440.0,45.0,0.24537453254259056,0.47999093415933214,1402624.0,201894,502867,467467,230396,0.490466796420487,0.498384247604138,0.01114895597537498,,0.5392065157875525
NEW YORK,2004,7391036,4180755.0,2806993.0,403288.0,,5.8,70470.0,44.0,0.2669059295010706,0.460539029903551,14597502.0,1847979,5583555,4677744,2488224,0.5656520953219548,0.37978342954898336,0.05456447512906174,,0.5063219720744001
NORTH CAROLINA,2004,3501007,1525849.0,1961166.0,13992.0,,5.5,63510.0,44.0,0.2805806365370827,0.4847677089282893,6467987.0,841493,2489901,2100051,1036542,0.435831462205017,0.5601719733779452,0.003996564417037727,,0.5412823185946416
NORTH DAKOTA,2004,312833,111052.0,196651.0,5130.0,,3.4,61900.0,45.0,0.28470968727118956,0.46322392197245854,495577.0,85049,159374,156845,94309,0.3549881246543683,0.6286133496146507,0.016398525730981068,,0.6312500378346856
OHIO,2004,5625631,2739952.0,2858727.0,26952.0,,6.2,67950.0,45.0,0.22834179709421706,0.5662940341104371,8616183.0,1099582,3115878,2878431,1522292,0.48704794182199296,0.5081611289471349,0.004790929230872057,,0.6529145214301971
OKLAHOMA,2004,1463758,503966.0,959792.0,0.0,,4.7,62520.0,45.0,0.2599685912693544,0.5463370794788114,2643627.0,386493,936143,857898,463093,0.3442959833524394,0.6557040166475606,0.0,,0.5536930890779977
OREGON,2004,1836782,943163.0,866831.0,26788.0,,7.4,64700.0,45.0,0.2988232979537677,0.4462083167588852,2722677.0,348770,981831,930622,461454,0.5134866304221187,0.47192916742433233,0.014584202153548978,,0.6746235414630527
PENNSYLVANIA,2004,5765764,2938095.0,2793847.0,33822.0,,5.4,69610.0,46.0,0.2276436746596594,0.5704797502883907,9537597.0,1173247,3294544,3179667,1890139,0.5095760076201523,0.48455798745838363,0.005866004921464007,,0.6045300509132436
RHODE ISLAND,2004,436289,259760.0,169046.0,7483.0,,5.3,,45.0,0.26797174281107833,0.4700295056788327,828351.0,115173,299215,264260,149703,0.5953851690049485,0.3874633557114665,0.017151475283584964,,0.5266958089022649
SOUTH CAROLINA,2004,1617730,661699.0,937974.0,18057.0,,6.9,61070.0,44.0,0.2737524196807033,0.49793150640414446,3181810.0,435193,1168196,1058888,519533,0.4090293188603784,0.5798087443516532,0.011161936787968327,,0.5084307359647496
SOUTH DAKOTA,2004,388215,149244.0,232584.0,6387.0,,3.6,64880.0,45.0,0.2695364130876025,0.5226987091012422,573592.0,84773,195250,184815,108754,0.38443645917854796,0.5991113171824891,0.016452223638962947,,0.6768138328289097
TENNESSEE,2004,2430494,1032910.0,1381225.0,16359.0,,5.3,60090.0,44.0,0.24404852905606078,0.5586304644643224,4477466.0,575572,1675964,1489245,736685,0.42497944862237885,0.5682898209170646,0.006730730460556578,,0.5428280192412405
TEXAS,2004,7410749,2832704.0,4526917.0,51128.0,,6.0,65340.0,42.0,0.31243511506031935,0.4652724267728757,16185764.0,2420595,6589095,4966889,2209185,0.3822426046274135,0.6108582276906154,0.006899167681971147,,0.4578559899921931
UTAH,2004,927844,241199.0,663742.0,22903.0,,5.0,80290.0,40.0,0.32020519381157536,0.4224985733009739,1649809.0,328927,663806,451220,205856,0.25995641508701894,0.7153594785330293,0.024684106379951803,,0.5623947984281817
VERMONT,2004,312309,184067.0,121180.0,7062.0,,3.6,74700.0,46.0,0.2777877269394389,0.4605421880121237,478852.0,63919,161932,172742,80259,0.5893746257712714,0.38801315363950445,0.022612220589224134,,0.6522036036186546
VIRGINIA,2004,3198367,1454742.0,1716959.0,26666.0,,3.7,80710.0,44.0,0.3064638096598418,0.4162019638843603,5673617.0,753770,2192025,1884311,843511,0.4548389850195428,0.5368236353113949,0.008337379669062369,,0.5637262790209491
WASHINGTON,2004,2859084,1510201.0,1304894.0,43989.0,,6.3,78790.0,44.0,0.32651657213304075,0.39399875038925414,4657894.0,617717,1771863,1569307,699007,0.5282114831183694,0.45640281992414355,0.015385696957487083,,0.6138147411684336
WEST VIRGINIA,2004,755659,326541.0,423550.0,5568.0,,5.4,52670.0,46.0,0.16781188536199063,0.6703232987617808,1424582.0,173667,472377,498597,279941,0.4321274543147107,0.5605041427416335,0.007368402943655802,,0.5304426140439792
WISCONSIN,2004,2997007,1489504.0,1478120.0,29383.0,,5.0,72180.0,45.0,0.25408069849305165,0.5130989327605915,4159383.0,563471,1510765,1366856,718291,0.49699717084411216,0.49319871458425024,0.009804114571637637,,0.7205412437373524
WYOMING,2004,243428,70776.0,167629.0,5023.0,,3.8,71650.0,46.0,0.27031255297610685,0.49547372142922874,385132.0,56968,129628,137360,61176,0.2907471613783131,0.6886184005126773,0.020634438109009647,,0.6320638118878722
ALABAMA,2008,2099819,813479.0,1266546.0,19794.0,,5.9,62350.0,46.0,0.23390689220808591,0.5441832217498593,3583279.0,470431,1231410,1244494,636944,0.38740434294574916,0.603169130291706,0.009426526762544771,,0.5860048854694262
ALASKA,2008,326197,123594.0,193841.0,8762.0,,6.5,,44.0,0.27007734407150574,0.4689681431653763,504331.0,75206,189673,189130,50322,0.37889373599389325,0.5942451953880631,0.026861068618043698,,0.646791492095469
ARIZONA,2008,2293475,1034707.0,1230111.0,28657.0,,5.8,65770.0,45.0,0.28065459589350517,0.45178611952992276,4651711.0,621451,1690369,1507727,832164,0.4511525087476428,0.5363524782262724,0.012495013026084871,,0.49303901295673785
ARKANSAS,2008,1086617,422310.0,638017.0,26290.0,,5.4,55500.0,46.0,0.21349388344447456,0.6031894831978847,2168829.0,278835,745354,737074,407566,0.3886465976512423,0.5871590449992959,0.024194357349461678,,0.5010155249676208
CALIFORNIA,2008,13561900,8274473.0,5011781.0,275646.0,,7.3,79930.0,43.0,0.3295019811629596,0.3904007856919771,27282716.0,3812579,10505976,8907401,4056760,0.6101263834713425,0.36954858832464477,0.02032502820401271,,0.4970876066737637
COLORADO,2008,2401361,1288576.0,1073589.0,39196.0,,4.8,85440.0,44.0,0.35075681032137723,0.37165993082811954,3686441.0,481504,1404254,1286548,514135,0.5366023684069159,0.4470752210933716,0.016322410499712454,,0.6514036166589944
CONNECTICUT,2008,1647085,1000291.0,628041.0,18753.0,,5.6,90680.0,46.0,0.2907895275894561,0.42228807446738514,2718953.0,320268,923555,982536,492594,0.6073098838250607,0.3813045471241618,0.011385569050777585,,0.6057791363072477
DELAWARE,2008,412412,255459.0,152374.0,4579.0,,4.8,71080.0,46.0,0.24734794623453973,0.5014246237222655,677758.0,88587,230357,235098,123716,0.6194266898150393,0.36947033548975294,0.011102974695207705,,0.6084944773798318
DISTRICT OF COLUMBIA,2008,265853,245800.0,17367.0,2686.0,,6.5,77930.0,40.0,0.3234211711361978,0.32856100250003883,477979.0,81763,192899,136532,66785,0.9245710975614343,0.06532557465968035,0.010103327778885323,,0.5562022599319217
FLORIDA,2008,8391639,4282366.0,4046212.0,63061.0,,6.3,62890.0,47.0,0.26561290761963136,0.4904053190584728,14508933.0,1717154,4764109,4892666,3135004,0.5103134202984662,0.48217183794488777,0.00751474175664611,,0.5783774037691124
GEORGIA,2008,3925278,1844137.0,2048744.0,32397.0,,6.4,64810.0,43.0,0.2834580158363839,0.48780520397890015,7025746.0,948921,2758599,2345888,972338,0.4698105459027361,0.5219360259324308,0.008253428164833166,,0.5586991046929394
HAWAII,2008,452742,325201.0,120429.0,7112.0,,4.1,86250.0,45.0,0.2895195605150453,0.44763769898333544,1031119.0,128537,358796,359325,184461,0.7182920957189746,0.2659991783399817,0.015708725941043684,,0.4390783217068059
IDAHO,2008,655032,236440.0,403012.0,15580.0,,5.0,66480.0,45.0,0.2763115585347152,0.4815832340999919,1111973.0,155327,396766,376702,183178,0.36095946457577643,0.6152554379022704,0.023785097521953125,,0.5890718569605558
ILLINOIS,2008,5523051,3419673.0,2031527.0,71851.0,,6.5,74660.0,44.0,0.2926794889257041,0.4504458194112718,9593637.0,1245766,3537433,3240921,1569517,0.6191637556850371,0.3678269492713357,0.013009295043627155,,0.5756993932540913
INDIANA,2008,2751054,1374039.0,1345648.0,31367.0,,5.9,65220.0,46.0,0.22247420291588338,0.5622400203312042,4813312.0,643543,1690585,1661552,817632,0.4994591163968428,0.4891390717884854,0.011401811814671758,,0.5715511481491331
IOWA,2008,1536820,828940.0,682379.0,25501.0,,4.1,70300.0,47.0,0.2506012444034814,0.5238311073584129,2291076.0,307267,746335,790684,446790,0.539386525422626,0.4440201194674718,0.016593355109902265,,0.6707852554869415
KANSAS,2008,1235872,514765.0,699655.0,21452.0,,4.6,67120.0,46.0,0.3007271657934529,0.4578804135048556,2093387.0,292316,717210,716536,367325,0.41651967194013617,0.5661225434349189,0.01735778462494498,,0.5903695781047652
KENTUCKY,2008,1826508,751985.0,1048462.0,26061.0,,6.5,57690.0,45.0,0.20063792540898442,0.5844982709578145,3267877.0,407552,1152941,1146722,560662,0.411706381795207,0.5740254080463923,0.01426821015840062,,0.5589280135084643
LOUISIANA,2008,1959085,781574.0,1148015.0,29496.0,,4.7,55460.0,45.0,0.23236174114467714,0.5994539434120556,3326858.0,469138,1169750,1150107,537863,0.3989484887077386,0.5859955030026772,0.015056008289584168,,0.5888694377698116
MAINE,2008,731163,421923.0,295273.0,13967.0,,5.4,66210.0,48.0,0.2409321105403978,0.5231703169157028,1048305.0,117246,326952,400769,203338,0.5770573729797597,0.40384018337908234,0.01910244364115799,,0.6974716327786283
MARYLAND,2008,2631596,1629467.0,959862.0,42267.0,,4.3,89320.0,45.0,0.29907987765541133,0.40906884175434804,4325751.0,543624,1569212,1534657,678258,0.6191934476264593,0.364745196451127,0.016061355922413624,,0.6083558669928065
MASSACHUSETTS,2008,3081336,1904103.0,1108885.0,68348.0,,5.3,84560.0,45.0,0.3107717938469657,0.3921452418084498,5039240.0,661626,1754618,1745822,877174,0.6179472151040977,0.35987149729857437,0.022181287597327914,,0.6114683960279724
MICHIGAN,2008,5001766,2872579.0,2048639.0,80548.0,,8.2,69800.0,46.0,0.24408508529275613,0.5080284031455173,7528010.0,970359,2537217,2699413,1321021,0.5743129526651187,0.4095831352366344,0.016103912098246898,,0.6644207433305748
MINNESOTA,2008,2910369,1573354.0,1275409.0,61606.0,,5.4,77000.0,45.0,0.31625178733204534,0.421467631553096,3962839.0,512238,1405692,1386084,658825,0.5406029269827984,0.43822931044139074,0.021167762575810833,,0.7344151503505442
MISSISSIPPI,2008,1285259,554662.0,724497.0,6100.0,,6.7,51090.0,44.0,0.220512958568731,0.5522621249822129,2187234.0,304997,767502,744419,370316,0.4315565967637651,0.5636972781361578,0.004746125100077105,,0.5876184258291522
MISSOURI,2008,2925205,1441911.0,1445814.0,37480.0,,6.1,64540.0,46.0,0.25037379875374366,0.5285277861529722,4494971.0,586722,1532837,1563077,812335,0.49292647865705136,0.49426074411878823,0.012812777224160358,,0.650772830347515
MONTANA,2008,496072,232156.0,243860.0,20056.0,,4.7,60140.0,48.0,0.28488440733914006,0.4985169925427976,752601.0,97094,233215,281961,140331,0.46798851779580386,0.4915818671483172,0.040429615055878984,,0.6591434239391125
NEBRASKA,2008,801281,333319.0,452979.0,14983.0,,3.2,71120.0,46.0,0.28536585698187916,0.4735382003441853,1342591.0,184622,459084,458137,240748,0.415982657769247,0.5653185336979162,0.018698808532836796,,0.5968169010517723
NEVADA,2008,967848,533736.0,412827.0,21285.0,,6.9,76750.0,45.0,0.24868173150721254,0.5295456828843125,1991009.0,244687,774847,668457,303018,0.551466759243187,0.42654115108984053,0.0219920896669725,,0.48610930437783056
NEW HAMPSHIRE,2008,710970,384826.0,316534.0,9610.0,,3.8,92770.0,46.0,0.2976772849744893,0.43561814857987297,1019877.0,122815,335808,389896,171358,0.5412689705613458,0.44521428470962204,0.013516744729032167,,0.69711347544851
NEW JERSEY,2008,3838498,2215422.0,1613207.0,9869.0,,5.4,91550.0,45.0,0.31142338057647717,0.4457526949930473,6634724.0,751070,2389516,2336233,1157905,0.5771585656681337,0.42027037659000993,0.0025710577418563197,,0.5785467488926442
NEW MEXICO,2008,830158,472422.0,346832.0,10904.0,,4.4,59020.0,46.0,0.24523630321500692,0.47577880050396,1499448.0,201729,508578,530767,258374,0.5690748026279335,0.4177903483433274,0.013134849028739107,,0.5536424070724694
NEW YORK,2008,7591233,4769700.0,2742298.0,79235.0,,5.4,70740.0,45.0,0.27378277661531786,0.439664860774507,14840266.0,1936825,5324739,5019433,2559269,0.6283169018787857,0.3612453997921023,0.010437698329112016,,0.5115294429358611
NORTH CAROLINA,2008,4310789,2142651.0,2128474.0,39664.0,,5.9,60180.0,45.0,0.28004444280044444,0.4725990407259904,7057348.0,910643,2570907,2405101,1170697,0.49704381262919617,0.49375508752574065,0.009201099845063166,,0.6108227906573404
NORTH DAKOTA,2008,316621,141278.0,168601.0,6742.0,,3.0,69580.0,45.0,0.2995177281935286,0.4442472390215823,510107.0,82307,159328,172687,95785,0.44620540014717913,0.5325010027761898,0.02129359707663105,,0.6206952658951945
OHIO,2008,5698048,2933388.0,2674491.0,90169.0,,6.6,65800.0,46.0,0.23043100137119613,0.5517510114810311,8746423.0,1089460,2959430,3108404,1589129,0.5148057720819481,0.4693696858994519,0.015824542018600053,,0.6514718073891465
OKLAHOMA,2008,1462661,502496.0,960165.0,0.0,,3.6,64640.0,46.0,0.24722755234494045,0.5440776849709351,2758359.0,378846,949236,940042,490235,0.343549188773065,0.656450811226935,0.0,,0.530264914755476
OREGON,2008,1827864,1037291.0,738475.0,52098.0,,6.3,72520.0,46.0,0.29310379503748324,0.43960735846057525,2903084.0,356879,1012559,1025602,508044,0.5674880625692065,0.40400981692292204,0.028502120507871483,,0.6296283538471501
PENNSYLVANIA,2008,5977981,3266523.0,2649934.0,61524.0,,5.4,72060.0,47.0,0.23133365080206453,0.5500781845120286,9791281.0,1231877,3173801,3456191,1929412,0.5464257915841486,0.44328243933863287,0.010291769077218545,,0.6105412560419826
RHODE ISLAND,2008,471766,296571.0,165391.0,9804.0,,7.6,,45.0,0.28643405803661126,0.45211195771448,825205.0,118410,272611,284482,149702,0.6286400461245617,0.35057846474735355,0.020781489128084685,,0.5716955180833854
SOUTH CAROLINA,2008,1920969,862449.0,1034896.0,23624.0,,6.9,59100.0,45.0,0.24494949494949494,0.5141355388831245,3454880.0,462550,1196665,1198687,596978,0.4489656001736624,0.5387364397863786,0.012297960039959,,0.5560161279118233
SOUTH DAKOTA,2008,377708,170924.0,203054.0,3730.0,,3.1,72340.0,47.0,0.2597700948874756,0.5170276927192837,599276.0,82232,195036,208133,113875,0.45252946720747245,0.5375951793448908,0.009875353447636799,,0.6302738637956468
TENNESSEE,2008,2600124,1087437.0,1479178.0,33509.0,,6.5,55660.0,45.0,0.24130422874671342,0.5584356633757798,4753057.0,589192,1691716,1655153,816996,0.4182250538820456,0.5688874838276944,0.012887462290260002,,0.5470424613043774
TEXAS,2008,8077795,3528633.0,4479328.0,69834.0,,4.9,65180.0,43.0,0.2995986387652035,0.46998949815078733,17633122.0,2511528,6921332,5736274,2463988,0.4368312144588963,0.5545236045232641,0.008645181017839645,,0.4581035054370973
UTAH,2008,952370,327670.0,596030.0,28670.0,,3.3,87670.0,40.0,0.31363483452281593,0.41340446098553885,1825771.0,319576,746850,524154,235191,0.3440574566607516,0.6258386971450172,0.030103846194231235,,0.5216262061342852
VERMONT,2008,325046,219262.0,98974.0,6810.0,,4.5,71090.0,48.0,0.283457287986008,0.44902613193842744,491551.0,65116,151259,187934,87242,0.6745568319560924,0.30449228724549754,0.020950880798410072,,0.661266074120488
VIRGINIA,2008,3723260,1959532.0,1725005.0,38723.0,,4.1,86900.0,44.0,0.30678948522348143,0.4134591484577347,5995135.0,792590,2189453,2082718,930374,0.5262946987317566,0.46330500690255316,0.010400294365690283,,0.6210468988604927
WASHINGTON,2008,3036878,1750848.0,1229216.0,56814.0,,5.2,79390.0,45.0,0.3144571501858933,0.39755191303553056,5001929.0,642409,1819408,1762619,777493,0.5765289221364835,0.40476304942114893,0.018708028442367457,,0.6071413648614364
WEST VIRGINIA,2008,713451,303857.0,397466.0,12128.0,,4.5,53260.0,47.0,0.16349978909934051,0.6574392366153854,1450100.0,166170,463268,528748,291914,0.42589750382296754,0.5571034310695478,0.016999065107484605,,0.4920012412937039
WISCONSIN,2008,2983417,1677211.0,1262393.0,43813.0,,4.9,71780.0,46.0,0.2521589015572903,0.5095824016109127,4295423.0,555711,1462682,1521168,755862,0.5621778651794235,0.4231366248834809,0.01468550993709562,,0.6945572065894325
WYOMING,2008,256035,82868.0,164958.0,8209.0,,3.0,74770.0,46.0,0.24022412861759887,0.5035752542962563,414532.0,56979,138230,152645,66678,0.323658874763216,0.6442791024664597,0.03206202277032437,,0.6176483359547634
ALABAMA,2012,2070353,795696.0,1255925.0,18732.0,,8.2,57430.0,46.0,0.5048135154558623,0.0,3699663.0,485538,1225621,1290419,698085,0.3843286627932531,0.6066236047669166,0.009047732439830309,,0.5596058343692385
ALASKA,2012,300495,122640.0,164676.0,13179.0,,7.1,,46.0,0.5127349828923207,0.0,542313.0,77789,203664,198416,62444,0.40812659112464433,0.5480157739729447,0.04385763490241102,,0.5540988322241952
ARIZONA,2012,2299254,1025232.0,1233654.0,40368.0,,8.4,62160.0,47.0,0.5106465864391349,0.0,4939075.0,663357,1704359,1601411,969948,0.44589766941799386,0.536545331659747,0.017556998922259134,,0.4655232001943684
ARKANSAS,2012,1069468,394409.0,647744.0,27315.0,,7.2,51550.0,45.0,0.5300040383984385,0.0,2241551.0,290978,747540,760659,442374,0.36878990301720105,0.6056693608410911,0.02554073614170784,,0.47711071485770346
CALIFORNIA,2012,13038547,7854285.0,4839958.0,344304.0,,10.4,75340.0,45.0,0.5399313606304502,0.0,28750033.0,4004175,10634120,9522096,4589642,0.6023895914168964,0.371203785207048,0.026406623376055628,,0.45351415770548853
COLORADO,2012,2569217,1322998.0,1185050.0,61169.0,,8.0,75650.0,45.0,0.5522175686716478,0.0,3957199.0,502313,1476052,1367509,611325,0.5149421010370085,0.461249477953789,0.023808421009202413,,0.6492514023176494
CONNECTICUT,2012,1558803,905083.0,634892.0,18828.0,,8.4,84880.0,47.0,0.501898886209738,0.0,2800510.0,341657,889488,1033473,535892,0.5806269297659807,0.40729457153982895,0.01207849869419035,,0.5566139738833283
DELAWARE,2012,413937,242584.0,165484.0,5869.0,,7.0,64700.0,47.0,0.5092029374535174,0.0,711290.0,92791,227561,250139,140799,0.5860408709537925,0.39978064294808147,0.014178486098126043,,0.5819525088219994
DISTRICT OF COLUMBIA,2012,293764,267070.0,21381.0,5313.0,,8.9,86200.0,36.0,0.49070929694366294,0.0,528072.0,81596,229890,143899,72687,0.9091311392818725,0.07278291417600523,0.01808594654212225,,0.5562953536638943
FLORIDA,2012,8474179,4237756.0,4163447.0,72976.0,,8.7,60870.0,48.0,0.511816233981152,0.0,15293175.0,1782712,4808569,5194476,3507418,0.5000786506869869,0.49130977761975525,0.008611571693257837,,0.5541150872856683
GEORGIA,2012,3900050,1773827.0,2078688.0,47535.0,,9.0,63580.0,44.0,0.5431212362941685,0.0,7418788.0,1009956,2734505,2535422,1138905,0.45482160485121986,0.5329900898706427,0.01218830527813746,,0.5256990764529192
HAWAII,2012,434221,306266.0,120937.0,7018.0,,5.8,74340.0,47.0,0.5312488237354975,0.0,1087699.0,133537,372605,369394,212163,0.705322865545425,0.27851485764161565,0.0161622768129593,,0.39921062720476896
IDAHO,2012,652274,212787.0,420911.0,18576.0,,7.5,63320.0,47.0,0.5289556079505121,0.0,1167926.0,156291,405181,394450,212004,0.3262233355920978,0.6452978349589283,0.028478829448973897,,0.5584891508537356
ILLINOIS,2012,5241891,3019512.0,2135102.0,87277.0,,9.0,68360.0,44.0,0.5323362250456694,0.0,9823144.0,1256475,3481060,3383436,1702173,0.5760348698589879,0.4073152226934898,0.016649907447522278,,0.5336266067157317
INDIANA,2012,2624534,1152887.0,1420543.0,51104.0,,8.2,60980.0,44.0,0.5033055795987443,0.0,4948883.0,666778,1660592,1732630,888883,0.43927302904058396,0.5412553238022445,0.01947164715717152,,0.5303285610106362
IOWA,2012,1582180,822544.0,730617.0,29019.0,,5.0,70610.0,44.0,0.5072202844188083,0.0,2351952.0,317105,748994,816358,469495,0.5198801653414908,0.46177868510536096,0.018341149553148188,,0.6727093069926597
KANSAS,2012,1156254,439908.0,689809.0,26537.0,,5.7,66060.0,45.0,0.5483067676118503,0.0,2159429.0,297167,729141,739117,394004,0.38045965678821436,0.5965895036903656,0.022950839521420033,,0.5354443234762523
KENTUCKY,2012,1797212,679370.0,1087190.0,30652.0,,8.2,54280.0,44.0,0.47807216660919716,0.0,3369097.0,427993,1134173,1192398,614533,0.37801327834445797,0.6049314159932162,0.017055305662325868,,0.5334402660416129
LOUISIANA,2012,1994065,809141.0,1152262.0,32662.0,,6.7,51640.0,45.0,0.5728455160458562,0.0,3487895.0,475423,1214717,1201599,596156,0.4057746362330215,0.5778457572847425,0.016379606482236034,,0.5717101575592155
MAINE,2012,713180,401306.0,292276.0,19598.0,,7.2,64950.0,49.0,0.5069647325665964,0.0,1062933.0,116310,309214,411360,226049,0.5626994587621639,0.40982080260242854,0.027479738635407612,,0.6709548014785504
MARYLAND,2012,2707327,1677844.0,971869.0,57614.0,,6.9,94910.0,46.0,0.5051629814845026,0.0,4540807.0,564898,1576277,1635099,764533,0.6197419077931849,0.3589773233894539,0.021280768817361184,,0.5962215526887622
MASSACHUSETTS,2012,3167767,1921290.0,1188314.0,58163.0,,6.7,84100.0,45.0,0.5062356619135442,0.0,5260557.0,694540,1750864,1855693,959460,0.6065124107928392,0.37512670597300873,0.018360883234152008,,0.6021733059826174
MICHIGAN,2012,4730961,2564569.0,2115256.0,51136.0,,9.1,66080.0,46.0,0.48924205275238547,0.0,7625204.0,1011506,2394343,2776205,1443150,0.5420820421051875,0.4471091602742022,0.010808797620610273,,0.6204373023987293
MINNESOTA,2012,2936561,1546167.0,1320225.0,70169.0,,5.7,81640.0,44.0,0.5403689889860045,0.0,4099798.0,506356,1403210,1462121,728111,0.5265230315324626,0.4495820110666865,0.02389495740085086,,0.7162696796281183
MISSISSIPPI,2012,1285584,562949.0,710746.0,11889.0,,8.8,48410.0,45.0,0.47886638907671686,0.0,2242590.0,312264,760293,766789,403244,0.4378935954398935,0.5528584674358112,0.009247937124295261,,0.5732585983171244
MISSOURI,2012,2757312,1223796.0,1482440.0,51076.0,,7.1,65750.0,45.0,0.5213089963697054,0.0,4620893.0,595425,1524202,1617866,883400,0.4438366060859272,0.5376395562054639,0.018523837708608965,,0.5967054420000636
MONTANA,2012,483932,201839.0,267928.0,14165.0,,5.8,59570.0,48.0,0.5649561207794139,0.0,781251.0,98539,239216,286082,157414,0.41708132547548005,0.5536480331947463,0.029270641329773604,,0.619432167126826
NEBRASKA,2012,794379,302081.0,475064.0,17234.0,,3.9,68960.0,44.0,0.5386198969256716,0.0,1391097.0,185748,472586,475374,257389,0.38027314417928976,0.5980319217904804,0.021694934030229904,,0.571045009801617
NEVADA,2012,1014918,531373.0,463567.0,19978.0,,11.5,62540.0,47.0,0.5272784226718967,0.0,2089026.0,250959,769868,707161,361038,0.5235624947040056,0.4567531564126363,0.019684348883358065,,0.4858331107415609
NEW HAMPSHIRE,2012,710931,369561.0,329918.0,11452.0,,5.5,89600.0,47.0,0.5157926524547493,0.0,1048284.0,127888,316345,409471,194580,0.5198268186364078,0.464064726393982,0.016108454969610272,,0.6781854917178932
NEW JERSEY,2012,3640292,2125101.0,1477568.0,37623.0,,9.4,88110.0,45.0,0.5624781263051929,0.0,6816749.0,784178,2313603,2464767,1254201,0.5837721259723121,0.40589271410095673,0.010335159926731152,,0.534021716216924
NEW MEXICO,2012,783758,415335.0,335788.0,32635.0,,6.9,57370.0,49.0,0.45798854992813864,0.0,1574164.0,210824,523067,545835,294438,0.5299276052046678,0.4284332663909013,0.04163912840443096,,0.4978884029872364
NEW YORK,2012,7061925,4324228.0,2223397.0,514300.0,,8.6,63000.0,44.0,0.48751033859611775,0.0,15308682.0,1990441,5294451,5256215,2767575,0.6123299242062186,0.31484290756415567,0.07282716822962577,,0.46130195924116785
NORTH CAROLINA,2012,4505372,2178391.0,2270395.0,56586.0,,9.6,54900.0,45.0,0.5273231682704936,0.0,7471022.0,973563,2580112,2572074,1345273,0.48350968577067555,0.5039306410214295,0.01255967320789493,,0.603046276667369
NORTH DAKOTA,2012,322932,124966.0,188320.0,9646.0,,2.9,73680.0,43.0,0.5260002110026141,0.0,544834.0,87164,176382,180506,100782,0.38697310888979725,0.5831568255855722,0.029870065524630573,,0.592716313592764
OHIO,2012,5580822,2827621.0,2661407.0,91794.0,,7.4,58630.0,45.0,0.508980240940286,0.0,8881842.0,1117215,2859174,3201542,1703911,0.5066674765831987,0.47688440878422567,0.01644811463257563,,0.6283406077252894
OKLAHOMA,2012,1334872,443547.0,891325.0,0.0,,5.1,63960.0,46.0,0.5357112369461913,0.0,2878225.0,390610,986894,966867,533854,0.3322768025698344,0.6677231974301656,0.0,,0.4637830607405606
OREGON,2012,1789270,970488.0,754175.0,64607.0,,8.7,68410.0,47.0,0.522367526659191,0.0,3038820.0,365741,1042246,1052242,578591,0.54239326652769,0.42149871176513326,0.03610802170717667,,0.5888042068960978
PENNSYLVANIA,2012,5742040,2990274.0,2680434.0,71332.0,,7.6,68580.0,45.0,0.5071652321331264,0.0,10028672.0,1269030,3129157,3589219,2041266,0.520768577021407,0.46680866033674445,0.012422762641848542,,0.5725623492322812
RHODE ISLAND,2012,446052,279677.0,157204.0,9171.0,,10.3,,46.0,0.5048832713296516,0.0,837360.0,121073,261914,295272,159101,0.6270053715710276,0.35243424533462464,0.020560383094347743,,0.5326884494124391
SOUTH CAROLINA,2012,1964118,865941.0,1071645.0,26532.0,,9.0,58660.0,47.0,0.4998893164078387,0.0,3642366.0,485929,1196202,1264365,695870,0.4408803340736147,0.5456113125586141,0.013508353367771182,,0.539242349615607
SOUTH DAKOTA,2012,363815,145039.0,210610.0,8166.0,,4.0,65290.0,46.0,0.5307036341058693,0.0,628263.0,84273,204292,218796,120902,0.3986614075835246,0.5788931187554114,0.022445473661064003,,0.5790807352971605
TENNESSEE,2012,2458577,960709.0,1462330.0,35538.0,,7.9,56810.0,45.0,0.5391096335281867,0.0,4963555.0,626530,1685703,1734111,917211,0.39075814993795194,0.5947871471993759,0.014454702862672189,,0.4953258299746855
TEXAS,2012,7993851,3308124.0,4569843.0,115884.0,,6.7,68610.0,44.0,0.5630400749428891,0.0,19091847.0,2682744,7319581,6251031,2838491,0.41383358283760857,0.5716697746805639,0.014496642481827594,,0.4187049581949824
UTAH,2012,1017440,251813.0,740600.0,25027.0,,4.8,77080.0,42.0,0.5326083822748788,0.0,1965293.0,327484,800908,566180,270721,0.2474966582796037,0.727905331026891,0.024598010693505267,,0.5177039759465891
VERMONT,2012,299290,199239.0,92698.0,7353.0,,4.8,73440.0,49.0,0.5205892066094997,0.0,501447.0,66684,145056,191573,98134,0.665705503023823,0.3097263523672692,0.024568144608907747,,0.596852708262289
VIRGINIA,2012,3854489,1971820.0,1822522.0,60147.0,,5.8,85390.0,45.0,0.5183849581307562,0.0,6324832.0,817174,2233144,2212328,1062186,0.5115645679621864,0.4728310289638912,0.01560440307392238,,0.6094215625015811
WASHINGTON,2012,3125516,1755396.0,1290670.0,79450.0,,8.5,82160.0,46.0,0.5192205673475674,0.0,5309617.0,666981,1888827,1849302,904507,0.5616339829967276,0.4129462143210913,0.02541980268218112,,0.5886518745137361
WEST VIRGINIA,2012,670440,238269.0,417655.0,14516.0,,7.2,57540.0,46.0,0.479368458154651,0.0,1472927.0,172607,453209,535304,311807,0.3553919813853589,0.6229565658373606,0.021651452777280592,,0.45517530739812634
WISCONSIN,2012,3071434,1620985.0,1410966.0,39483.0,,6.9,70130.0,45.0,0.5061289618427162,0.0,4403862.0,558754,1428312,1596511,820285,0.5277616253515459,0.4593834671361976,0.01285490751225649,,0.6974410188148493
WYOMING,2012,249061,69286.0,170962.0,8813.0,,5.4,75990.0,47.0,0.48707119250104564,0.0,440175.0,57840,149260,157268,75807,0.27818887742360304,0.6864262168705658,0.0353849057058311,,0.5658226841597092
ALABAMA,2016,2123367,729547.0,1318250.0,75570.0,,5.8,60290.0,47.0,0.49283451638164044,0.0,3766363.0,462098,1231213,1289047,784005,0.343580266623716,0.6208300307954301,0.0355897025808539,,0.5637712031474396
ALASKA,2016,318398,116454.0,163387.0,38557.0,,6.6,,47.0,0.5201406163521247,0.0,555432.0,74647,213139,189347,78299,0.36574978486045767,0.513153348953197,0.1210968661863454,,0.5732438894410117
ARIZONA,2016,2604277,1161167.0,1252401.0,190709.0,,5.5,72900.0,48.0,0.5039755788189725,0.0,5308398.0,678647,1796394,1675892,1157465,0.44586923741214934,0.4809016091606231,0.07322915342722759,,0.49059565616594686
ARKANSAS,2016,1129896,380494.0,684872.0,64530.0,,4.0,58610.0,46.0,0.519395704432595,0.0,2285361.0,283524,757797,756484,487556,0.336751347026629,0.6061372020079724,0.05711145096539859,,0.49440591661448674
CALIFORNIA,2016,14181595,8753788.0,4483810.0,943997.0,,5.5,85080.0,46.0,0.5371923740449952,0.0,30060643.0,3842114,11083646,9826109,5308774,0.6172639960455788,0.3161710653843943,0.06656493857002685,,0.4717661894324749
COLORADO,2016,2780220,1338870.0,1202484.0,238866.0,,3.1,90090.0,46.0,0.5434544870933549,0.0,4279740.0,522781,1600542,1416650,739767,0.48156980382847403,0.4325139737143104,0.08591622245721561,,0.6496235752639179
CONNECTICUT,2016,1647536,897572.0,673215.0,76749.0,,4.9,96930.0,48.0,0.5011646333314241,0.0,2827529.0,351264,861549,1027638,587078,0.5447965932155655,0.4086192957240388,0.046584111060395644,,0.582676959281408
DELAWARE,2016,442997,235603.0,185127.0,22267.0,,4.5,74110.0,48.0,0.5045902783095524,0.0,745946.0,85192,236361,257286,167107,0.5318388160642171,0.41789673519233766,0.05026444874344522,,0.5938727468208155
DISTRICT OF COLUMBIA,2016,311268,282830.0,12723.0,15715.0,,6.2,90620.0,36.0,0.4693677232939577,0.0,565995.0,75358,260694,147868,82075,0.9086382152999987,0.040874744593083774,0.05048704010691751,,0.5499483210982429
FLORIDA,2016,9420039,4504975.0,4617886.0,297178.0,,4.9,65340.0,49.0,0.5035269329516594,0.0,16463604.0,1752476,5170022,5475756,4065350,0.4782331580580505,0.49021941416590736,0.031547427776042115,,0.5721735653991677
GEORGIA,2016,4114711,1877963.0,2089104.0,147644.0,,5.4,68340.0,45.0,0.5276103421556246,0.0,7797409.0,1004459,2788434,2650097,1354419,0.45640216287365015,0.507715851732965,0.03588198539338486,,0.5277023431757908
HAWAII,2016,428937,266891.0,128847.0,33199.0,,2.9,92090.0,47.0,0.5313392868749106,0.0,1121290.0,127826,385529,361498,246437,0.6222149173421738,0.3003867700851174,0.07739831257270881,,0.3825388614898911
IDAHO,2016,690433,189765.0,409055.0,91613.0,,3.7,72220.0,47.0,0.5239121740634954,0.0,1245890.0,158251,428908,406260,252471,0.27484926126068715,0.5924615422495738,0.13268919648973904,,0.5541685060478855
ILLINOIS,2016,5558707,3090729.0,2146015.0,321963.0,,5.9,78370.0,44.0,0.5252441559327169,0.0,9890300.0,1210828,3423669,3363279,1892524,0.5560158144690842,0.38606370150468444,0.05792048402623128,,0.5620362375256565
INDIANA,2016,2734958,1033126.0,1557286.0,144546.0,,4.4,71620.0,45.0,0.4978634166030518,0.0,5061086.0,665324,1671886,1729262,994614,0.37774839686752043,0.5694003344841128,0.05285126864836681,,0.5403895527560686
IOWA,2016,1566031,653669.0,800983.0,111379.0,,3.6,75450.0,44.0,0.49586287797061074,0.0,2401985.0,322681,761876,804851,512577,0.4174048917294741,0.5114732722404601,0.07112183603006582,,0.6519736801020822
KANSAS,2016,1184403,427005.0,671018.0,86380.0,,4.0,72530.0,46.0,0.5317606405203663,0.0,2195387.0,299979,734448,724518,436442,0.3605234029295772,0.5665453397196731,0.0729312573507497,,0.5394962254946395
KENTUCKY,2016,1924149,628854.0,1202971.0,92324.0,,5.1,57920.0,45.0,0.463932666515436,0.0,3427691.0,419957,1129780,1186365,691589,0.3268218833364776,0.6251963855190009,0.047981731144521554,,0.5613542761001502
LOUISIANA,2016,2029032,780154.0,1178638.0,70240.0,,6.0,53870.0,45.0,0.5575172768131414,0.0,3566136.0,442366,1253274,1193025,677471,0.3844956609851397,0.580886846535688,0.03461749247917233,,0.5689721311806392
MAINE,2016,747927,357735.0,335593.0,54599.0,,3.8,64930.0,50.0,0.5074107167788233,0.0,1077640.0,110768,307468,400978,258426,0.47830202680208095,0.4486975333154171,0.0730004398825019,,0.6940416094428566
MARYLAND,2016,2781446,1677928.0,943169.0,160349.0,,4.2,94170.0,46.0,0.49564636111206334,0.0,4660365.0,542261,1591516,1650436,876152,0.6032574423519277,0.3390930472854767,0.05764951036259557,,0.5968300766141708
MASSACHUSETTS,2016,3274555,1995196.0,1090893.0,188466.0,,4.0,92260.0,46.0,0.5008274285799719,0.0,5448399.0,702092,1790012,1879270,1077025,0.6093029434533853,0.33314236590926094,0.05755469063735378,,0.6010123340819936
MICHIGAN,2016,4799284,2268839.0,2279543.0,250902.0,,5.0,72890.0,47.0,0.48007049193274254,0.0,7759193.0,987682,2410700,2743130,1617681,0.4727453095086684,0.47497564219996147,0.05227904829137013,,0.6185287567921045
MINNESOTA,2016,2944813,1367716.0,1322951.0,254146.0,,3.9,89650.0,45.0,0.5258423996436802,0.0,4232500.0,507340,1428324,1466933,829903,0.4644491857377701,0.4492478809350543,0.08630293332717562,,0.6957620791494389
MISSISSIPPI,2016,1209357,485131.0,700714.0,23512.0,,6.0,52470.0,45.0,0.459823129669393,0.0,2268992.0,298699,759607,761311,449375,0.40114788271784096,0.5794103808883564,0.01944173639380266,,0.5329930647617973
MISSOURI,2016,2807381,1071068.0,1594511.0,141802.0,,4.6,70240.0,45.0,0.5150107058973338,0.0,4704359.0,578280,1541799,1603211,981069,0.3815185754979463,0.5679710021546772,0.05051042234737643,,0.5967616417029398
MONTANA,2016,497147,177709.0,279240.0,40198.0,,4.3,72870.0,50.0,0.5416957246368246,0.0,814043.0,100059,253058,277689,183237,0.35745765337012997,0.5616849744642932,0.08085737216557679,,0.6107134389706687
NEBRASKA,2016,844227,284494.0,495961.0,63772.0,,3.1,75800.0,44.0,0.5308851065620332,0.0,1432477.0,191947,484424,469777,286329,0.33698756377135536,0.5874735112712576,0.07553892495738705,,0.5893476823711654
NEVADA,2016,1125385,539260.0,512058.0,74067.0,,5.8,70770.0,48.0,0.5145190594503034,0.0,2243667.0,246151,810748,748175,438593,0.4791782367811904,0.4550069531760242,0.06581481004278536,,0.5015828997796911
NEW HAMPSHIRE,2016,744296,348526.0,345790.0,49980.0,,2.9,97360.0,49.0,0.5071786960550441,0.0,1080995.0,129636,315510,408552,227297,0.46826262669690555,0.46458666981953417,0.06715070348356031,,0.6885286240916934
NEW JERSEY,2016,3874046,2148278.0,1601933.0,123835.0,,4.9,87410.0,46.0,0.5589792010266046,0.0,6901215.0,777950,2265494,2478655,1379116,0.554530844496942,0.4135038665002945,0.03196528900276352,,0.5613570943667165
NEW MEXICO,2016,798319,385234.0,319667.0,93418.0,,6.8,61860.0,50.0,0.4516802379035628,0.0,1597519.0,202749,528214,526204,340352,0.48255647178634103,0.40042514333242724,0.11701838488123169,,0.4997242599305548
NEW YORK,2016,7707363,4547562.0,2814589.0,345212.0,,4.9,78440.0,44.0,0.48582750873575303,0.0,15484821.0,1862443,5304315,5245061,3073002,0.5900282625847517,0.3651818397550498,0.04478989766019843,,0.4977366544953926
NORTH CAROLINA,2016,4741564,2189316.0,2362631.0,189617.0,,5.1,68640.0,46.0,0.5136610630859587,0.0,7865840.0,982478,2631402,2682149,1569811,0.46172866168209475,0.49828094696180414,0.039990391356101065,,0.602804532001668
NORTH DAKOTA,2016,344360,93758.0,216794.0,33808.0,,3.0,76840.0,43.0,0.5133325739375363,0.0,580427.0,89045,201216,180375,109791,0.27226739458706006,0.629556278313393,0.09817632709954699,,0.59328735568814
OHIO,2016,5496487,2394164.0,2841005.0,261318.0,,5.0,68920.0,46.0,0.5005611814103632,0.0,9020824.0,1084349,2890339,3154830,1891306,0.4355807627672002,0.5168765067578619,0.0475427304749379,,0.6093109676011859
OKLAHOMA,2016,1452992,420375.0,949136.0,83481.0,,4.6,65040.0,47.0,0.5349043582423183,0.0,2965187.0,385213,1026107,964601,589266,0.2893168028454389,0.6532286481962736,0.05745454895828745,,0.4900169871242522
OREGON,2016,2001336,1002106.0,782403.0,216827.0,,4.8,75500.0,47.0,0.5146412089838216,0.0,3222280.0,364157,1113650,1062706,681767,0.5007185200286208,0.39094035184496756,0.10834112812641156,,0.6210931390195762
PENNSYLVANIA,2016,6115402,2926441.0,2970733.0,218228.0,,5.3,77850.0,46.0,0.5015642998472436,0.0,10112196.0,1191279,3153506,3540593,2226818,0.4785361616456285,0.4857788580374602,0.0356849803169113,,0.6047550897945412
RHODE ISLAND,2016,464144,252525.0,180543.0,31076.0,,5.2,,47.0,0.5027984907177707,0.0,848635.0,114468,267005,293603,173559,0.5440660657037472,0.3889805749939674,0.06695335930228549,,0.5469300700536744
SOUTH CAROLINA,2016,2103027,855373.0,1155389.0,92265.0,,4.9,69370.0,48.0,0.49674131813996564,0.0,3864117.0,471784,1254347,1307651,830335,0.4067341978966509,0.5493933268569543,0.043872475246394836,,0.544245166489524
SOUTH DAKOTA,2016,370093,117458.0,227721.0,24914.0,,3.0,73350.0,45.0,0.5305774424031034,0.0,649904.0,84122,212141,216998,136643,0.3173742815994899,0.615307503789588,0.06731821461092212,,0.5694579507127207
TENNESSEE,2016,2508027,870695.0,1522925.0,114407.0,,4.7,65550.0,46.0,0.5274211955278065,0.0,5147093.0,614375,1728741,1759269,1044708,0.34716332798650096,0.6072203369421462,0.0456163350713529,,0.48727058166619486
TEXAS,2016,8969226,3877868.0,4685047.0,406311.0,,4.6,74240.0,45.0,0.5556142282939195,0.0,20593255.0,2772171,7865137,6627841,3328106,0.4323525798101196,0.5223468557933538,0.04530056439652652,,0.4355419286557662
UTAH,2016,1131430,310676.0,515231.0,305523.0,,3.3,86150.0,42.0,0.5270265861528971,0.0,2122960.0,341096,859637,602396,319831,0.274587027036582,0.4553803593682331,0.2700326135951849,,0.532949278366055
VERMONT,2016,315077,178573.0,95369.0,41135.0,,3.1,77670.0,51.0,0.5231537771713715,0.0,506098.0,67867,142026,183257,112948,0.5667598713965157,0.3026847405554833,0.13055538804800096,,0.6225612430794036
VIRGINIA,2016,3984631,1981473.0,1769443.0,233715.0,,4.0,84840.0,46.0,0.5056473405165042,0.0,6545777.0,810114,2264192,2240478,1230993,0.4972789199301014,0.44406696630127107,0.05865411376862751,,0.6087330808855848
WASHINGTON,2016,3209214,1742718.0,1221747.0,244749.0,,5.2,89770.0,46.0,0.5168519796642438,0.0,5665071.0,659579,2039744,1893238,1072510,0.5430357713757948,0.3806997601281809,0.07626446849602427,,0.5664913996664825
WEST VIRGINIA,2016,713051,188794.0,489371.0,34886.0,,6.1,56630.0,46.0,0.4701978771937416,0.0,1457990.0,162666,441321,508773,345230,0.26476928017771517,0.6863057481161936,0.04892497170609115,,0.48906439687515
WISCONSIN,2016,2975753,1381823.0,1404440.0,189490.0,,3.9,76370.0,46.0,0.50759445860352,0.0,4486270.0,562294,1415247,1585869,922860,0.46436078532055586,0.4719612145228451,0.06367800015659902,,0.6633022533195728
WYOMING,2016,255849,55973.0,174419.0,25457.0,,5.3,73830.0,46.0,0.4862617079491003,0.0,446168.0,54911,152919,149918,88420,0.2187735734749794,0.6817263307654124,0.0995000957596082,,0.5734364633949544
ALABAMA,2020,2323282,849624.0,1441170.0,32488.0,,6.4,65600.0,47.0,0.48564364988977526,0.0,3903317.0,467246,1270670,1299444,866058,0.36569990212122333,0.620316431668648,0.013983666210128603,,0.5952071020621692
ALASKA,2020,357569,153778.0,189951.0,2270.0,2673.0,8.3,,46.0,0.517075770720284,0.0,552753.0,66886,214355,177674,93853,0.43006524614829583,0.5312289376316179,0.006348425059219339,0.0074754802569573986,0.6468874886251182
ARIZONA,2020,3385294,1672143.0,1661686.0,0.0,0.0,7.8,80470.0,49.0,0.504557579910606,0.0,5586526.0,673819,1876683,1724610,1311708,0.4939432143855157,0.4908542655379415,0.0,0.0,0.6059748043775327
ARKANSAS,2020,1219069,423932.0,760647.0,18377.0,2980.0,6.1,60900.0,46.0,0.5069294150189014,0.0,2307885.0,277271,767630,745808,517280,0.34775061953014963,0.6239572985614432,0.015074618417825406,0.0024444883759655936,0.5282191270362258
CALIFORNIA,2020,17500881,11110250.0,6006429.0,115278.0,81029.0,10.1,93140.0,45.0,0.539876233177803,0.0,30617083.0,3620371,11326422,9826525,5844738,0.6348394689387351,0.3432072362528492,0.006586982678186315,0.004629995484227337,0.5716051068614211
COLORADO,2020,3256980,1804352.0,1364607.0,26575.0,8986.0,6.8,100500.0,46.0,0.5457844297265056,0.0,4527486.0,529946,1724362,1420942,852340,0.553995419069199,0.41897923843560597,0.008159399198030076,0.002758997599002757,0.7193793641769406
CONNECTICUT,2020,1823857,1080831.0,714717.0,541.0,7538.0,8.0,95280.0,48.0,0.49759467361057186,0.0,2840085.0,324393,889175,996407,630124,0.5926073151568352,0.3918711828833072,0.0002966241322647554,0.004132999462128884,0.6421839487198446
DELAWARE,2020,504010,296268.0,200603.0,,2139.0,7.5,83990.0,50.0,0.49031749221721277,0.0,781789.0,83063,246550,259953,192262,0.5878216702049562,0.39801392829507354,,0.004243963413424337,0.6446880168434194
DISTRICT OF COLUMBIA,2020,344356,317323.0,18586.0,4685.0,1726.0,8.0,105800.0,37.0,0.46962300073340396,0.0,544513.0,53660,266160,140778,83909,0.9214969392140692,0.05397321376714795,0.013605106343435282,0.005012254759609242,0.6324109800867932
FLORIDA,2020,11067456,5297045.0,5668731.0,16635.0,14721.0,8.0,69280.0,49.0,0.5032696972077327,0.0,17314784.0,1742477,5422442,5659470,4490977,0.47861450725442234,0.5121981962250404,0.0015030554447200875,0.0013301159724511216,0.6391911097476006
GEORGIA,2020,4998482,2474507.0,2461837.0,,,6.5,71090.0,46.0,0.5202386827074151,0.0,8184331.0,1010219,2900148,2740686,1533520,0.49505169769542035,0.49251692813938314,,,0.6107380065640062
HAWAII,2020,574457,366127.0,196855.0,2114.0,3822.0,11.6,96950.0,48.0,0.5198940255977738,0.0,1144866.0,116648,389839,358861,279551,0.6373444835731831,0.3426801309758607,0.003679996936237177,0.006653239493991717,0.5017678924869811
IDAHO,2020,867361,287021.0,554119.0,9817.0,,5.5,80030.0,47.0,0.5237026886949854,0.0,1391005.0,180792,476308,431989,301987,0.3309129647286424,0.6388562547774226,0.01131824004076734,,0.6235498794037405
ILLINOIS,2020,6033744,3471915.0,2446891.0,17816.0,30578.0,9.3,89160.0,45.0,0.5244679055564497,0.0,9927450.0,1152306,3432809,3288816,2055438,0.5754163584003564,0.4055344409706477,0.0029527271955853613,0.005067831847025661,0.6077838719912969
INDIANA,2020,3033121,1242416.0,1729519.0,965.0,989.0,7.3,80130.0,46.0,0.49946568499444194,0.0,5186541.0,651992,1737439,1707382,1089869,0.409616365453274,0.570211013672056,0.0003181541389215926,0.00032606678071860637,0.5848061357270674
IOWA,2020,1690871,759061.0,902009.0,7089.0,3075.0,5.2,82540.0,45.0,0.4973389350700157,0.0,2448970.0,316526,793852,782013,556692,0.44891715571442176,0.533458199945472,0.004192513799101173,0.0018185893542440553,0.6904416958966423
KANSAS,2020,1372303,570323.0,771406.0,,,5.8,87660.0,46.0,0.5261998408137107,0.0,2225585.0,296418,751934,701568,475744,0.41559553538832167,0.5621251283426474,,,0.6166032750939641
KENTUCKY,2020,2134996,772285.0,1326418.0,10076.0,,6.5,68080.0,46.0,0.4684131325950776,0.0,3481776.0,408413,1151130,1169067,753298,0.36172667302421174,0.6212742318955164,0.004719446781164929,,0.6131916585099099
LOUISIANA,2020,2148062,856034.0,1255776.0,14607.0,,8.6,61390.0,46.0,0.5354863915981593,0.0,3547760.0,421017,1244563,1144713,737593,0.39851456801526214,0.5846088241400853,0.006800083051606518,,0.6054699303222315
MAINE,2020,822534,430473.0,359899.0,10046.0,8111.0,5.1,76400.0,50.0,0.5013482450155218,0.0,1110478.0,106725,324400,388727,290678,0.5233497946589442,0.4375490861168049,0.012213476889709118,0.00986099054871896,0.7407026523713212
MARYLAND,2020,3037031,1985023.0,976414.0,26307.0,15799.0,6.5,113700.0,47.0,0.49012669016876736,0.0,4789826.0,523966,1650503,1641935,973152,0.6536064333883981,0.321502809816561,0.008662078194131045,0.005202120096897266,0.6340587319873415
MASSACHUSETTS,2020,3658005,2382202.0,1167202.0,42930.0,18658.0,9.3,105300.0,46.0,0.4974443027780089,0.0,5605814.0,662475,1885008,1871562,1186724,0.6512298370286536,0.3190815758863096,0.011735905227029487,0.005100594449706876,0.652537704604541
MICHIGAN,2020,5539302,2804040.0,2649852.0,11311.0,13718.0,10.0,77240.0,48.0,0.4813618623113038,0.0,7891007.0,939419,2511840,2662899,1777224,0.5062081829082437,0.4783729069113762,0.002041954022365995,0.0024764853044661585,0.7019765664889158
MINNESOTA,2020,3277171,1717077.0,1484065.0,31020.0,10033.0,6.3,94460.0,45.0,0.523667685442779,0.0,4379415.0,496973,1511640,1439538,931323,0.5239509930974001,0.4528494240916937,0.009465481050576855,0.0030614819916324173,0.748312502925619
MISSISSIPPI,2020,1313759,539398.0,756764.0,8073.0,1498.0,7.9,54140.0,46.0,0.44046574286667295,0.0,2259217.0,283120,748298,741761,486126,0.41057606455978607,0.5760295457538255,0.0061449626605793,0.001140239572098079,0.5815107623570467
MISSOURI,2020,3025962,1253014.0,1718736.0,4060.0,8947.0,6.1,74580.0,46.0,0.5083086014009229,0.0,4760761.0,559288,1587796,1559036,1054847,0.4140878173618836,0.5679965577888949,0.001341722070534924,0.0029567456564226517,0.6356046858895038
MONTANA,2020,603640,244786.0,343602.0,,,5.8,68060.0,48.0,0.5440416995301944,0.0,853145.0,97841,275468,269755,210109,0.40551653303293356,0.569216751706315,,,0.7075467827860445
NEBRASKA,2020,951712,374583.0,556846.0,,,4.3,86660.0,44.0,0.5235780392877938,0.0,1475098.0,189626,507342,463815,314416,0.39358860663730205,0.5850992737298678,,,0.6451856080070613
NEVADA,2020,1404911,703314.0,669608.0,17215.0,,13.5,73360.0,48.0,0.5191768327612348,0.0,2419225.0,249702,873086,790014,506802,0.5006110707368652,0.4766195153999079,0.012253445236032745,,0.5807277123872314
NEW HAMPSHIRE,2020,803833,424937.0,365660.0,,,6.7,106600.0,50.0,0.4989911680032673,0.0,1119426.0,123175,337048,400215,259025,0.5286384112122792,0.4548954820217632,,,0.7180760496897517
NEW JERSEY,2020,4549353,2608335.0,1883274.0,11865.0,14202.0,9.5,102600.0,46.0,0.5537703967416208,0.0,7221506.0,778303,2401008,2525795,1516598,0.5733419675281298,0.41396523857348505,0.0026080631685428675,0.0031217625890978345,0.6299728893114539
NEW MEXICO,2020,923965,501614.0,401894.0,3446.0,4426.0,7.9,61060.0,50.0,0.453958261976324,0.0,1641821.0,196253,544059,513572,388025,0.5428928584957222,0.43496669246129455,0.003729578501350159,0.004790224737950031,0.5627684138526673
NEW YORK,2020,8661735,5230985.0,3244798.0,92965.0,32753.0,9.8,82350.0,45.0,0.4835429411222525,0.0,15891917.0,1771676,5491082,5252848,3376464,0.603918845358349,0.3746129384009093,0.010732838166949232,0.003781344037886174,0.5450402868326081
NORTH CAROLINA,2020,5524802,2684292.0,2758773.0,20864.0,12195.0,7.2,72480.0,47.0,0.509252210658332,0.0,8130487.0,971558,2716920,2712255,1729554,0.4858621177736324,0.4993433248829551,0.0037764249288933793,0.0022073189229224865,0.6795167374352853
NORTH DAKOTA,2020,361819,114902.0,235595.0,1929.0,,5.0,76900.0,43.0,0.5113321130003208,0.0,593123.0,84383,211554,174201,123003,0.31756762359080093,0.6511404873707572,0.0053313949792575845,,0.6100235532933304
OHIO,2020,5922202,2679165.0,3154834.0,20634.0,,8.2,72420.0,47.0,0.5007116274987077,0.0,9165786.0,1051106,2994426,3063174,2057471,0.45239338340705026,0.5327130010087464,0.0034841770003792506,,0.6461204745561373
OKLAHOMA,2020,1560699,503890.0,1020280.0,11798.0,,6.3,62940.0,47.0,0.5253532696632011,0.0,3002194.0,384371,1045545,943277,629116,0.32286174335986634,0.6537327184806295,0.007559433305204912,,0.5198528143084691
OREGON,2020,2374321,1340383.0,958448.0,22077.0,11831.0,7.6,92180.0,47.0,0.5172460953527175,0.0,3370836.0,359458,1184987,1055849,770656,0.5645331865404888,0.4036724604634335,0.009298237264464241,0.004982898268599738,0.7043715564922174
PENNSYLVANIA,2020,6915283,3458229.0,3377674.0,,,8.8,84910.0,46.0,0.5021152737951049,0.0,10293428.0,1140578,3288688,3444850,2419628,0.5000849567544814,0.4884361204017247,,,0.6718153563613599
RHODE ISLAND,2020,517757,307486.0,199922.0,5296.0,,9.2,,48.0,0.5132251212482839,0.0,884784.0,111778,285126,293845,194071,0.5938809132469479,0.3861309455980315,0.010228736646728099,,0.5851789815367366
SOUTH CAROLINA,2020,2513329,1091541.0,1385103.0,1862.0,6907.0,6.0,72380.0,48.0,0.4881066473397919,0.0,4013268.0,465349,1296436,1321269,930295,0.43430088142061785,0.5511029395674024,0.0007408500836937783,0.002748147974260433,0.6262549622900838
SOUTH DAKOTA,2020,422609,150471.0,261043.0,,,4.1,84190.0,45.0,0.5179134824370749,0.0,668771.0,81174,222109,212072,153465,0.3560525213613529,0.6176938967225024,,,0.6319188481557962
TENNESSEE,2020,3053851,1143711.0,1852475.0,57665.0,,7.4,65940.0,46.0,0.525587761200527,0.0,5372846.0,618336,1826600,1783362,1144787,0.37451434271023704,0.6066029416628381,0.018882715626924822,,0.5683861030076053
TEXAS,2020,11315056,5259126.0,5890347.0,5944.0,33396.0,7.7,82050.0,44.0,0.5471766817141104,0.0,21773104.0,2807406,8271216,6920190,3778098,0.4647900991387051,0.5205760360355265,0.0005253177712951664,0.002951465728494848,0.519680427742411
UTAH,2020,1495354,560282.0,865139.0,26433.0,5053.0,4.8,100700.0,42.0,0.5350487388013447,0.0,2334123.0,372962,935814,653038,372376,0.3746818479102607,0.5785512995584992,0.017676750789445174,0.003379132967845741,0.6406491860111914
VERMONT,2020,370826,242826.0,112708.0,10374.0,1310.0,5.6,80670.0,51.0,0.517956146046651,0.0,524282.0,64645,152598,177318,129757,0.6548246347343498,0.30393769584656954,0.027975384681764495,0.0035326541288906387,0.7073025585467363
VIRGINIA,2020,4462600,2413568.0,1962430.0,21841.0,,6.5,98610.0,46.0,0.4988116301691981,0.0,6729249.0,795935,2330114,2233015,1370442,0.5408434544884149,0.4397503697396137,0.004894232062026621,,0.6631646414035206
WASHINGTON,2020,4087631,2369612.0,1584651.0,34579.0,18289.0,8.7,97580.0,46.0,0.5114016189311729,0.0,6029553.0,662324,2247481,1900037,1219947,0.5797030113530306,0.3876697774334327,0.008459423074147349,0.00447422969441224,0.6779326759380007
WEST VIRGINIA,2020,794652,235984.0,545382.0,,2599.0,8.3,62340.0,48.0,0.4635233503097274,0.0,1429374.0,154652,428959,481284,364539,0.29696521244519614,0.6863155192461606,,0.00327061405495739,0.555944070621125
WISCONSIN,2020,3297352,1630673.0,1610065.0,17034.0,1089.0,6.4,80850.0,47.0,0.511852205360156,0.0,4606383.0,550317,1473538,1549567,1033154,0.4945401643500603,0.488290300823206,0.0051659634761469205,0.00033026501265257695,0.7158223708276102
WYOMING,2020,278503,73491.0,193559.0,5685.0,,5.9,78500.0,48.0,0.4688629944924095,0.0,443829.0,51518,150077,141505,100758,0.26387866557990397,0.6949978994840271,0.020412706505854514,,0.6275006815688025
ALABAMA,2024,2264972,772412.0,1462616.0,25014.0,,3.1,65560.0,,29.9,,4022842.0,488175,1309411,1269355,955901,0.34102496631304935,0.6457545612042886,0.011043845133626376,,0.5630278295791881
ALASKA,2024,338177,140026.0,184458.0,10653.0,,4.6,,,32.8,,565186.0,67634,221499,166847,109206,0.4140612756041954,0.5454480937497228,0.03150125525981956,,0.5983463850838485
ARIZONA,2024,4693783,2145165.0,2461122.0,62988.0,,3.6,84700.0,,34.7,,5994209.0,727663,2029372,1748722,1488452,0.4570226190686702,0.5243365532663099,0.013419452923153883,,0.783052943265742
ARKANSAS,2024,2365352,793810.0,1518482.0,41630.0,,3.5,64840.0,,27.1,,2386510.0,289139,797605,736924,562842,0.3355990989924544,0.6419687217800987,0.017599917475284863,,0.9911343342370239
CALIFORNIA,2024,15862678,9276179.0,6081697.0,438140.0,,5.3,100600.0,,38.1,,31012711.0,3651201,11304902,9534735,6521873,0.5847801361157303,0.3833966118457426,0.02762080904624049,,0.5114895631020455
COLORADO,2024,3190873,1728159.0,1377441.0,63834.0,,4.3,106500.0,,47.8,,4744328.0,551003,1825340,1392084,975901,0.54159441632431,0.4316815492186621,0.020005183534412056,,0.672565851264921
CONNECTICUT,2024,1759010,992053.0,736918.0,23310.0,,3.2,99240.0,,42.6,,2947242.0,347520,942048,943471,714203,0.5639837181141665,0.4189390623134604,0.013251772303739036,,0.5968325641396262
DELAWARE,2024,511697,289758.0,214351.0,5550.0,,3.7,85860.0,,36.0,,838204.0,89979,260488,258709,229028,0.5662687098028716,0.4189022018890085,0.010846262534273213,,0.6104683346774771
DISTRICT OF COLUMBIA,2024,328414,294185.0,21076.0,13153.0,,5.2,104800.0,,65.5,,572419.0,70089,272451,138920,90959,0.8957748451649442,0.06417509606776813,0.04005005876728763,,0.5737300823347932
FLORIDA,2024,10893752,4683038.0,6110125.0,68617.0,,3.4,75630.0,,35.8,,18872523.0,1901378,5993139,5886744,5091262,0.42988292738810285,0.5608834311631108,0.006298748126448996,,0.5772281745265325
GEORGIA,2024,5250047,2548017.0,2663117.0,18229.0,,3.5,81210.0,,36.3,,8640127.0,1063702,3050106,2765978,1760341,0.4853322265495909,0.5072558398048627,0.003472159392096871,,0.6076353970259928
HAWAII,2024,516701,313044.0,193661.0,7263.0,,3.0,98240.0,,37.8,,1152797.0,116860,381606,344007,310324,0.6058513531036325,0.3748028356825321,0.014056485278720188,,0.4482150803654069
IDAHO,2024,905057,274972.0,605246.0,20377.0,,3.7,81650.0,,33.0,,1533172.0,199067,523380,456318,354407,0.3038173286323403,0.6687379910878541,0.022514604052562434,,0.5903166767981675
ILLINOIS,2024,5633310,3062863.0,2449079.0,117858.0,,5.0,84210.0,,39.2,,10012697.0,1175497,3439308,3126594,2271298,0.543705743159883,0.43474955221708017,0.020921625119157298,,0.5626166456450246
INDIANA,2024,2936677,1163603.0,1720347.0,32302.0,,4.2,76710.0,,30.7,,5338189.0,672597,1795399,1656283,1213910,0.39623118238743993,0.5858141702339072,0.010999507266205986,,0.5501260820851416
IOWA,2024,3347301,1413835.0,1854038.0,64992.0,,3.0,85480.0,,32.1,,2510913.0,327279,817261,753994,612379,0.42238059857777954,0.5538904329189398,0.019416240128987503,,1.333101146873667
KANSAS,2024,1327591,544853.0,758802.0,16322.0,,3.6,87690.0,,36.0,,2278027.0,306571,768814,674465,528177,0.4104072715166041,0.5715630792917397,0.012294449118742144,,0.5827810644913339
KENTUCKY,2024,2074530,704043.0,1337494.0,26571.0,,5.1,64790.0,,27.9,,3562700.0,418240,1184972,1132793,826695,0.33937470173967116,0.6447214549801642,0.012808202339807088,,0.5822915204760435
LOUISIANA,2024,2974974,1133303.0,1799142.0,33434.0,,4.4,60740.0,,27.8,,3531346.0,423036,1212754,1081029,814527,0.38094551414566985,0.6047588987332326,0.011238417545834014,,0.842447610627789
MAINE,2024,824806,430342.0,376991.0,12220.0,,3.1,90730.0,,37.1,,1157930.0,112833,346624,368208,330265,0.5217493568184518,0.45706626770416314,0.014815605124114034,,0.7123107614449924
MARYLAND,2024,3038334,1902577.0,1035550.0,84637.0,,3.0,109700.0,,44.7,,4891983.0,535704,1673990,1580289,1102000,0.6261908664419382,0.34082823020773884,0.02785638445279551,,0.6210843332857043
MASSACHUSETTS,2024,3473668,2126518.0,1251303.0,78112.0,,4.0,113900.0,,48.3,,5780452.0,710415,1951360,1781743,1336934,0.6121822810930694,0.3602252719603601,0.022486892817621028,,0.6009336294116793
MICHIGAN,2024,5664186,2736533.0,2816636.0,88577.0,,4.7,79460.0,,33.3,,8031116.0,937461,2597136,2510596,1985923,0.48312908509713487,0.49727109950132287,0.015638081094088364,,0.7052800631942061
MINNESOTA,2024,3253920,1656979.0,1519032.0,62754.0,,3.0,92350.0,,40.0,,4494094.0,517817,1539910,1379220,1057147,0.5092254880267493,0.46683139106062843,0.019285661602006194,,0.7240436003341274
MISSISSIPPI,2024,1228008,466668.0,747744.0,11060.0,,3.2,55980.0,,27.0,,2268423.0,286671,739982,712983,528787,0.3800203256004847,0.6089080852893467,0.009006455984000104,,0.5413487696077848
MISSOURI,2024,2995327,1200599.0,1751986.0,18866.0,,3.7,78390.0,,33.5,,4873374.0,571880,1632548,1499363,1169583,0.40082401687695535,0.5849064225708912,0.006298477595267562,,0.6146310543783424
MONTANA,2024,602963,231906.0,352079.0,14703.0,,3.0,81920.0,,36.3,,904578.0,102571,296749,265907,239351,0.38461066433595426,0.583914767572803,0.024384580811757935,,0.6665682782468731
NEBRASKA,2024,947159,369995.0,564816.0,5949.0,,2.8,86140.0,,35.4,,1521153.0,201031,521381,449292,349449,0.3906366301750815,0.5963264879497528,0.006280888425280233,,0.6226586017317127
NEVADA,2024,1484840,705197.0,751205.0,22379.0,,5.6,80590.0,,28.5,,2579031.0,261935,934830,806300,575966,0.47493130572991027,0.505916462379785,0.01507165755232887,,0.5757356154307568
NEW HAMPSHIRE,2024,826189,418488.0,395523.0,7753.0,,2.6,111800.0,,41.5,,1159668.0,119795,359471,377058,303344,0.5065281672837572,0.478731864016587,0.009384051349025466,,0.7124358005912037
NEW JERSEY,2024,4272725,2220713.0,1968215.0,73297.0,,4.5,103500.0,,44.5,,7455868.0,804545,2509330,2435891,1706102,0.5197416168838388,0.4606463088544196,0.017154626146077736,,0.5730687560455737
NEW MEXICO,2024,920922,478802.0,423391.0,15030.0,,4.1,64140.0,,31.8,,1682353.0,204285,557952,490535,429581,0.5199159103594007,0.45974686238356777,0.016320600441731222,,0.5474011696712878
NEW YORK,2024,8262495,4619195.0,3578899.0,59063.0,,4.3,86830.0,,41.2,,15884969.0,1788344,5409303,4932770,3754552,0.5590557089595818,0.4331499141603111,0.007148325051936491,,0.5201454909984401
NORTH CAROLINA,2024,5699141,2715375.0,2898423.0,63218.0,,3.6,67220.0,,37.1,,8685722.0,1051378,2921820,2738455,1974069,0.4764533813078146,0.5085719058363357,0.011092548859556203,,0.6561505192084205
NORTH DAKOTA,2024,368155,112327.0,246505.0,3096.0,,2.4,88080.0,,34.0,,611305.0,90723,216881,165937,137764,0.3051079029213239,0.669568524127066,0.008409501432820415,,0.6022443788288988
OHIO,2024,5767788,2533699.0,3180116.0,25773.0,,4.3,80520.0,,32.4,,9308934.0,1058339,3090107,2890949,2269539,0.4392843495634722,0.5513579902728741,0.004468437466841708,,0.6195970451611323
OKLAHOMA,2024,3132346,999198.0,2072426.0,42326.0,,3.3,65310.0,,29.3,,3129179.0,404558,1098672,934066,691883,0.3189934956099997,0.6616210342024795,0.013512555764912306,,1.0010120865568892
OREGON,2024,2244493,1240600.0,919480.0,75352.0,,4.2,89700.0,,37.8,,3446156.0,366720,1200066,1028566,850804,0.5527306166693324,0.4096604444745428,0.03357194698312715,,0.6513033652568253
PENNSYLVANIA,2024,14068412,6846084.0,7086616.0,69076.0,,3.6,80060.0,,36.4,,10448930.0,1185695,3370876,3226427,2665932,0.4866280572391539,0.5037253671558666,0.004910006900565608,,1.3463973823157012
RHODE ISLAND,2024,511816,283750.0,214291.0,12161.0,,4.3,,,39.0,,907717.0,111508,300429,277181,218599,0.5543984556950154,0.4186875752223455,0.023760492051831127,,0.5638497461213131
SOUTH CAROLINA,2024,7644420,2056904.0,2967494.0,46544.0,,4.1,76780.0,,33.3,,4326760.0,499753,1395738,1354324,1076945,0.26907260459263094,0.3881908634010167,0.0060886241206003855,,1.7667769878615869
SOUTH DAKOTA,2024,428922,146859.0,272081.0,7204.0,,1.8,79850.0,,34.2,,703963.0,86464,233363,210336,173800,0.34239092422398476,0.6343367791812964,0.016795594537002065,,0.6092962272164872
TENNESSEE,2024,3063942,1056265.0,1966865.0,40812.0,,3.4,75860.0,,32.4,,5645233.0,647077,1935902,1784295,1277959,0.3447405336001791,0.6419393709149847,0.013320095484836201,,0.5427485455427615
TEXAS,2024,50534517,8746992.0,11507322.0,18775755.0,,4.1,81490.0,,35.2,,23625608.0,3072175,9000743,7189978,4362712,0.17308945487695074,0.2277121200149197,0.3715431771119926,,2.13897212719351
UTAH,2024,1488494,562566.0,883818.0,25208.0,,3.2,104000.0,,39.1,,2569984.0,417924,1004680,714307,433073,0.3779430753499846,0.5937665855556018,0.016935237898170905,,0.579184150562805
VERMONT,2024,669861,210938.0,108055.0,11240.0,,2.3,85260.0,,45.1,,535519.0,63480,158949,165469,147621,0.3148981654402928,0.1613095851228837,0.016779600543993457,,1.2508631813250324
VIRGINIA,2024,4482576,2335395.0,2075085.0,52282.0,,2.9,97720.0,,43.3,,6927764.0,814730,2391548,2174373,1547113,0.520993955261439,0.4629224356709178,0.011663382840580952,,0.6470451360641039
WASHINGTON,2024,3924243,2245849.0,1530923.0,131043.0,,4.5,97500.0,,41.0,,6303143.0,675175,2386166,1862213,1379589,0.5723012056083173,0.39011931727979127,0.033393192011809666,,0.6225851134902064
WEST VIRGINIA,2024,1524780,214309.0,533556.0,11478.0,,4.1,63150.0,,24.4,,1421615.0,156303,425293,452573,387446,0.14055076797964297,0.34992326761893516,0.007527643332152835,,1.0725688741325887
WISCONSIN,2024,6845836,1668229.0,1697626.0,46552.0,,3.0,82560.0,,34.6,,4719976.0,564553,1509688,1477002,1168733,0.24368521244154842,0.247979355625814,0.006800046042587056,,1.4503963579475827
WYOMING,2024,271123,69527.0,192633.0,2695.0,,3.2,78680.0,,32.3,,459626.0,54709,151746,137503,115668,0.256440803620497,0.7105004001873688,0.009940137871003198,,0.5898774220779504
